Order,Order Chinese,Family,Family Chinese,Genus,Official Chinese genus name,Original Chinese genus name,Audit status,Audit note,Audit sources,CBR suffix candidate - NOT USED,Candidate basis,CBR checklist species count,Example CBR species
Columbiformes,鸽形目,Columbidae,鸠鸽科,Treron,绿鸠属,绿鸠属,未改动,,,绿鸠属,shared Chinese species-name suffix only; not used in app,9,橙胸绿鸠 (Treron bicinctus); 灰头绿鸠 (Treron phayrei); 厚嘴绿鸠 (Treron curvirostra); 黄脚绿鸠 (Treron phoenicopterus); 白腹针尾绿鸠 (Treron seimundi); 针尾绿鸠 (Treron apicauda); 楔尾绿鸠 (Treron sphenurus); 红翅绿鸠 (Treron sieboldii); 红顶绿鸠 (Treron formosae)
Strigiformes,鸮形目,Strigidae,鸱鸮科,Otus,角鸮属,角鸮属,未改动,,,角鸮属,shared Chinese species-name suffix only; not used in app,7,黄嘴角鸮 (Otus spilocephalus); 领角鸮 (Otus lettia); 北领角鸮 (Otus semitorques); 琉球角鸮 (Otus elegans); 西红角鸮 (Otus scops); 纵纹角鸮 (Otus brucei); 红角鸮 (Otus sunia)
Accipitriformes,鹰形目,Accipitridae,鹰科,Circus,鹞属,鹞属,未改动,,,,,6,草原鹞 (Circus macrourus); 白尾鹞 (Circus cyaneus); 乌灰鹞 (Circus pygargus); 鹊鹞 (Circus melanoleucos); 白头鹞 (Circus aeruginosus); 白腹鹞 (Circus spilonotus)
Passeriformes,雀形目,Nectariniidae,太阳鸟科,Aethopyga,太阳鸟属,太阳鸟属,未改动,,,太阳鸟属,shared Chinese species-name suffix only; not used in app,6,火尾太阳鸟 (Aethopyga ignicauda); 黑胸太阳鸟 (Aethopyga saturata); 蓝喉太阳鸟 (Aethopyga gouldiae); 绿喉太阳鸟 (Aethopyga nipalensis); 黄腰太阳鸟 (Aethopyga siparaja); 叉尾太阳鸟 (Aethopyga christinae)
Pelecaniformes,鹈形目,Ardeidae,鹭科,Ardea,鹭属,鹭属,未改动,,,,,6,大白鹭 (Ardea alba); 中白鹭 (Ardea intermedia); 牛背鹭 (Ardea coromanda); 白腹鹭 (Ardea insignis); 草鹭 (Ardea purpurea); 苍鹭 (Ardea cinerea)
Pelecaniformes,鹈形目,Ardeidae,鹭科,Botaurus,麻鳽属,麻鳽属,未改动,,,,,6,大麻鳽 (Botaurus stellaris); 黑鳽 (Botaurus flavicollis); 栗苇鳽 (Botaurus cinnamomeus); 紫背苇鳽 (Botaurus eurhythmus); 小苇鳽 (Botaurus minutus); 黄苇鳽 (Botaurus sinensis)
Anseriformes,雁形目,Anatidae,鸭科,Branta,黑雁属,黑雁属,未改动,,,黑雁属,shared Chinese species-name suffix only; not used in app,5,黑雁 (Branta bernicla); 红胸黑雁 (Branta ruficollis); 加拿大黑雁 (Branta canadensis); 白颊黑雁 (Branta leucopsis); 小美洲黑雁 (Branta hutchinsii)
Caprimulgiformes,夜鹰目,Caprimulgidae,夜鹰科,Caprimulgus,夜鹰属,夜鹰属,未改动,,,夜鹰属,shared Chinese species-name suffix only; not used in app,5,普通夜鹰 (Caprimulgus jotaka); 欧夜鹰 (Caprimulgus europaeus); 埃及夜鹰 (Caprimulgus aegyptius); 长尾夜鹰 (Caprimulgus macrurus); 林夜鹰 (Caprimulgus affinis)
Passeriformes,雀形目,Muscicapidae,鹟科,Oenanthe,䳭属,䳭属,未改动,,,,,5,漠䳭 (Oenanthe deserti); 白顶䳭 (Oenanthe pleschanka); 穗䳭 (Oenanthe oenanthe); 沙䳭 (Oenanthe isabellina); 东方斑䳭 (Oenanthe picata)
Passeriformes,雀形目,Passeridae,雀科,Passer,麻雀属,麻雀属,未改动,,,麻雀属,shared Chinese species-name suffix only; not used in app,5,山麻雀 (Passer cinnamomeus); 麻雀 (Passer montanus); 黑顶麻雀 (Passer ammodendri); 黑胸麻雀 (Passer hispaniolensis); 家麻雀 (Passer domesticus)
Pelecaniformes,鹈形目,Ardeidae,鹭科,Egretta,白鹭属,白鹭属,未改动,,,,,5,斑鹭 (Egretta picata); 白脸鹭 (Egretta novaehollandiae); 黄嘴白鹭 (Egretta eulophotes); 岩鹭 (Egretta sacra); 白鹭 (Egretta garzetta)
Apodiformes,雨燕目,Apodidae,雨燕科,Apus,雨燕属,雨燕属,未改动,,,雨燕属,shared Chinese species-name suffix only; not used in app,4,暗背雨燕 (Apus acuticauda); 白腰雨燕 (Apus pacificus); 小白腰雨燕 (Apus nipalensis); 普通雨燕 (Apus apus)
Charadriiformes,鸻形目,Stercorariidae,贼鸥科,Stercorarius,贼鸥属,贼鸥属,未改动,,,贼鸥属,shared Chinese species-name suffix only; not used in app,4,短尾贼鸥 (Stercorarius parasiticus); 长尾贼鸥 (Stercorarius longicaudus); 中贼鸥 (Stercorarius pomarinus); 南极贼鸥 (Stercorarius maccormicki)
Gaviiformes,潜鸟目,Gaviidae,潜鸟科,Gavia,潜鸟属,潜鸟属,未改动,,,潜鸟属,shared Chinese species-name suffix only; not used in app,4,红喉潜鸟 (Gavia stellata); 黄嘴潜鸟 (Gavia adamsii); 太平洋潜鸟 (Gavia pacifica); 黑喉潜鸟 (Gavia arctica)
Passeriformes,雀形目,Cettiidae,树莺科,Cettia,树莺属,树莺属,未改动,,,,,4,大树莺 (Cettia major); 棕顶树莺 (Cettia brunnifrons); 栗头地莺 (Cettia castaneocoronata); 宽尾树莺 (Cettia cetti)
Passeriformes,雀形目,Fringillidae,燕雀科,Chloris,金翅雀属,金翅雀属,未改动,,,金翅雀属,shared Chinese species-name suffix only; not used in app,4,欧金翅雀 (Chloris chloris); 金翅雀 (Chloris sinica); 高山金翅雀 (Chloris spinoides); 黑头金翅雀 (Chloris ambigua)
Passeriformes,雀形目,Timaliidae,鹛科,Cyanoderma,穗鹛属,穗鹛属,未改动,,,穗鹛属,shared Chinese species-name suffix only; not used in app,4,金头穗鹛 (Cyanoderma chrysaeum); 红额穗鹛 (Cyanoderma rufifrons); 黑颏穗鹛 (Cyanoderma pyrrhops); 红头穗鹛 (Cyanoderma ruficeps)
Podicipediformes,䴙䴘目,Podicipedidae,䴙䴘科,Podiceps,䴙䴘属,䴙䴘属,未改动,,,䴙䴘属,shared Chinese species-name suffix only; not used in app,4,角䴙䴘 (Podiceps auritus); 赤颈䴙䴘 (Podiceps grisegena); 凤头䴙䴘 (Podiceps cristatus); 黑颈䴙䴘 (Podiceps nigricollis)
Procellariiformes,鹱形目,Procellariidae,鹱科,Ardenna,水薙鸟属,水薙鸟属,未改动,,,,,4,楔尾鹱 (Ardenna pacifica); 短尾鹱 (Ardenna tenuirostris); 灰鹱 (Ardenna grisea); 淡足鹱 (Ardenna carneipes)
Strigiformes,鸮形目,Strigidae,鸱鸮科,Strix,林鸮属,林鸮属,未改动,,,林鸮属,shared Chinese species-name suffix only; not used in app,4,褐林鸮 (Strix leptogrammica); 灰林鸮 (Strix nivicolum); 长尾林鸮 (Strix uralensis); 乌林鸮 (Strix nebulosa)
Anseriformes,雁形目,Anatidae,鸭科,Melanitta,海番鸭属,海番鸭属,未改动,,,海番鸭属,shared Chinese species-name suffix only; not used in app,3,黑海番鸭 (Melanitta americana); 丝绒海番鸭 (Melanitta fusca); 斑脸海番鸭 (Melanitta stejnegeri)
Charadriiformes,鸻形目,Turnicidae,三趾鹑科,Turnix,三趾鹑属,三趾鹑属,未改动,,,三趾鹑属,shared Chinese species-name suffix only; not used in app,3,黄脚三趾鹑 (Turnix tanki); 棕三趾鹑 (Turnix suscitator); 林三趾鹑 (Turnix sylvaticus)
Columbiformes,鸽形目,Columbidae,鸠鸽科,Macropygia,鹃鸠属,鹃鸠属,未改动,,,鹃鸠属,shared Chinese species-name suffix only; not used in app,3,斑尾鹃鸠 (Macropygia unchall); 菲律宾鹃鸠 (Macropygia tenuirostris); 小鹃鸠 (Macropygia ruficeps)
Galliformes,鸡形目,Phasianidae,雉科,Perdix,山鹑属,山鹑属,未改动,,,山鹑属,shared Chinese species-name suffix only; not used in app,3,高原山鹑 (Perdix hodgsoniae); 斑翅山鹑 (Perdix dauurica); 灰山鹑 (Perdix perdix)
Passeriformes,雀形目,Alaudidae,百灵科,Alauda,云雀属,云雀属,未改动,,,云雀属,shared Chinese species-name suffix only; not used in app,3,白翅云雀 (Alauda leucoptera); 小云雀 (Alauda gulgula); 云雀 (Alauda arvensis)
Passeriformes,雀形目,Cettiidae,树莺科,Abroscopus,拟鹟莺属,鹟莺属,已确认修正,“鹟莺属”通常对应 Seicercus；Abroscopus 的属级中文名为“拟鹟莺属”。,中国科学院昆明动物研究所鸟类数据库；懂鸟,鹟莺属,shared Chinese species-name suffix only; not used in app,3,黄腹鹟莺 (Abroscopus superciliaris); 棕脸鹟莺 (Abroscopus albogularis); 黑脸鹟莺 (Abroscopus schisticeps)
Passeriformes,雀形目,Chloropseidae,叶鹎科,Chloropsis,叶鹎属,叶鹎属,未改动,,,叶鹎属,shared Chinese species-name suffix only; not used in app,3,蓝翅叶鹎 (Chloropsis moluccensis); 金额叶鹎 (Chloropsis aurifrons); 黄冠橙腹叶鹎 (Chloropsis hardwickii)
Passeriformes,雀形目,Corvidae,鸦科,Dendrocitta,树鹊属,树鹊属,未改动,,,树鹊属,shared Chinese species-name suffix only; not used in app,3,棕腹树鹊 (Dendrocitta vagabunda); 灰树鹊 (Dendrocitta formosae); 黑额树鹊 (Dendrocitta frontalis)
Passeriformes,雀形目,Dicaeidae,啄花鸟科,Dicaeum,啄花鸟属,啄花鸟属,未改动,,,啄花鸟属,shared Chinese species-name suffix only; not used in app,3,纯色啄花鸟 (Dicaeum minullum); 红胸啄花鸟 (Dicaeum ignipectus); 朱背啄花鸟 (Dicaeum cruentatum)
Passeriformes,雀形目,Dicaeidae,啄花鸟科,Pachyglossa,,,未确认；继续留空,近期恢复/拆分使用的属，未找到稳定、可核实的中文正式属名。,本轮未找到足够一致的正式属级中文名来源,啄花鸟属,shared Chinese species-name suffix only; not used in app,3,厚嘴啄花鸟 (Pachyglossa agilis); 黄臀啄花鸟 (Pachyglossa chrysorrhea); 黄腹啄花鸟 (Pachyglossa melanozantha)
Passeriformes,雀形目,Fringillidae,燕雀科,Leucosticte,岭雀属,岭雀属,未改动,,,岭雀属,shared Chinese species-name suffix only; not used in app,3,林岭雀 (Leucosticte nemoricola); 高山岭雀 (Leucosticte brandti); 粉红腹岭雀 (Leucosticte arctoa)
Passeriformes,雀形目,Hirundinidae,燕科,Hirundo,燕属,燕属,未改动,,,,,3,洋燕 (Hirundo javanica); 线尾燕 (Hirundo smithii); 家燕 (Hirundo rustica)
Passeriformes,雀形目,Hirundinidae,燕科,Riparia,沙燕属,沙燕属,未改动,,,沙燕属,shared Chinese species-name suffix only; not used in app,3,崖沙燕 (Riparia riparia); 淡色沙燕 (Riparia diluta); 灰喉沙燕 (Riparia chinensis)
Passeriformes,雀形目,Muscicapidae,鹟科,Luscinia,歌鸲属,歌鸲属,未改动,,,,,3,新疆歌鸲 (Luscinia megarhynchos); 白腹短翅鸲 (Luscinia phaenicuroides); 蓝喉歌鸲 (Luscinia svecica)
Passeriformes,雀形目,Paridae,山雀科,Parus,山雀属,山雀属,未改动,,,山雀属,shared Chinese species-name suffix only; not used in app,3,绿背山雀 (Parus monticolus); 欧亚大山雀 (Parus major); 大山雀 (Parus cinereus)
Passeriformes,雀形目,Passeridae,雀科,Pyrgilauda,黑喉雪雀属,雪雀属,用户确认后填写,用户复核并确认使用“黑喉雪雀属”。,用户确认,雪雀属,shared Chinese species-name suffix only; not used in app,3,黑喉雪雀 (Pyrgilauda davidiana); 棕颈雪雀 (Pyrgilauda ruficollis); 棕背雪雀 (Pyrgilauda blanfordi)
Passeriformes,雀形目,Pellorneidae,幽鹛科,Napothera,鹪鹛属,鹪鹛属,未改动,,,,,3,纹胸鹪鹛 (Napothera epilepidota); 长嘴鹩鹛 (Napothera malacoptila); 瑙蒙短尾鹛 (Napothera naungmungensis)
Passeriformes,雀形目,Pellorneidae,幽鹛科,Pellorneum,幽鹛属,幽鹛属,未改动,,,,,3,棕头幽鹛 (Pellorneum ruficeps); 白腹幽鹛 (Pellorneum albiventre); 棕胸雅鹛 (Pellorneum tickelli)
Passeriformes,雀形目,Rhipiduridae,扇尾鹟科,Rhipidura,扇尾鹟属,扇尾鹟属,未改动,,,扇尾鹟属,shared Chinese species-name suffix only; not used in app,3,菲律宾斑扇尾鹟 (Rhipidura nigritorquis); 白喉扇尾鹟 (Rhipidura albicollis); 白眉扇尾鹟 (Rhipidura aureola)
Passeriformes,雀形目,Turdidae,鸫科,Geokichla,地鸫属,地鸫属,未改动,,,地鸫属,shared Chinese species-name suffix only; not used in app,3,白眉地鸫 (Geokichla sibirica); 杂色地鸫 (Geokichla wardii); 橙头地鸫 (Geokichla citrina)
Pelecaniformes,鹈形目,Ardeidae,鹭科,Ardeola,池鹭属,池鹭属,未改动,,,池鹭属,shared Chinese species-name suffix only; not used in app,3,印度池鹭 (Ardeola grayii); 池鹭 (Ardeola bacchus); 爪哇池鹭 (Ardeola speciosa)
Pelecaniformes,鹈形目,Pelecanidae,鹈鹕科,Pelecanus,鹈鹕属,鹈鹕属,未改动,,,鹈鹕属,shared Chinese species-name suffix only; not used in app,3,白鹈鹕 (Pelecanus onocrotalus); 斑嘴鹈鹕 (Pelecanus philippensis); 卷羽鹈鹕 (Pelecanus crispus)
Phaethontiformes,鹲形目,Phaethontidae,鹲科,Phaethon,鹲属,鹲属,未改动,,,,,3,红嘴鹲 (Phaethon aethereus); 红尾鹲 (Phaethon rubricauda); 白尾鹲 (Phaethon lepturus)
Piciformes,䴕形目,Picidae,啄木鸟科,Dryobates,林啄木鸟属,林啄木鸟属,未改动,,,啄木鸟属,shared Chinese species-name suffix only; not used in app,3,小斑啄木鸟 (Dryobates minor); 红枕啄木鸟 (Dryobates cathpharius); 赤胸啄木鸟 (Dryobates pernyii)
Procellariiformes,鹱形目,Diomedeidae,信天翁科,Phoebastria,北太平洋信天翁属,北太平洋信天翁属,未改动,,,信天翁属,shared Chinese species-name suffix only; not used in app,3,黑背信天翁 (Phoebastria immutabilis); 黑脚信天翁 (Phoebastria nigripes); 短尾信天翁 (Phoebastria albatrus)
Procellariiformes,鹱形目,Procellariidae,鹱科,Pterodroma,圆尾鹱属,圆尾鹱属,未改动,,,圆尾鹱属,shared Chinese species-name suffix only; not used in app,3,白额圆尾鹱 (Pterodroma hypoleuca); 棕头圆尾鹱 (Pterodroma solandri); 信使圆尾鹱 (Pterodroma heraldica)
Suliformes,鲣鸟目,Sulidae,鲣鸟科,Sula,鲣鸟属,鲣鸟属,未改动,,,鲣鸟属,shared Chinese species-name suffix only; not used in app,3,红脚鲣鸟 (Sula sula); 褐鲣鸟 (Sula leucogaster); 蓝脸鲣鸟 (Sula dactylatra)
Accipitriformes,鹰形目,Accipitridae,鹰科,Aviceda,鹃隼属,鹃隼属,未改动,,,冠鹃隼属,shared Chinese species-name suffix only; not used in app,2,褐冠鹃隼 (Aviceda jerdoni); 黑冠鹃隼 (Aviceda leuphotes)
Accipitriformes,鹰形目,Accipitridae,鹰科,Icthyophaga,渔雕属,渔雕属,未改动,,,,,2,白腹海雕 (Icthyophaga leucogaster); 渔雕 (Icthyophaga humilis)
Accipitriformes,鹰形目,Accipitridae,鹰科,Nisaetus,鹰雕属,鹰雕属,未改动,,,鹰雕属,shared Chinese species-name suffix only; not used in app,2,鹰雕 (Nisaetus nipalensis); 凤头鹰雕 (Nisaetus cirrhatus)
Accipitriformes,鹰形目,Accipitridae,鹰科,Pernis,蜂鹰属,蜂鹰属,未改动,,,头蜂鹰属,shared Chinese species-name suffix only; not used in app,2,鹃头蜂鹰 (Pernis apivorus); 凤头蜂鹰 (Pernis ptilorhynchus)
Anseriformes,雁形目,Anatidae,鸭科,Spatula,匙嘴鸭属,匙嘴鸭属,未改动,,,,,2,白眉鸭 (Spatula querquedula); 琵嘴鸭 (Spatula clypeata)
Apodiformes,雨燕目,Apodidae,雨燕科,Aerodramus,金丝燕属,金丝燕属,未改动,,,金丝燕属,shared Chinese species-name suffix only; not used in app,2,短嘴金丝燕 (Aerodramus brevirostris); 爪哇金丝燕 (Aerodramus fuciphagus)
Charadriiformes,鸻形目,Alcidae,海雀科,Synthliboramphus,扁嘴海雀属,扁嘴海雀属,未改动,,,海雀属,shared Chinese species-name suffix only; not used in app,2,冠海雀 (Synthliboramphus wumizusume); 扁嘴海雀 (Synthliboramphus antiquus)
Charadriiformes,鸻形目,Laridae,鸥科,Anous,玄燕鸥属,玄燕鸥属,未改动,,,玄燕鸥属,shared Chinese species-name suffix only; not used in app,2,白顶玄燕鸥 (Anous stolidus); 玄燕鸥 (Anous minutus)
Charadriiformes,鸻形目,Laridae,鸥科,Leucophaeus,豚鸥属,豚鸥属,未改动,,,,,2,笑鸥 (Leucophaeus atricilla); 弗氏鸥 (Leucophaeus pipixcan)
Charadriiformes,鸻形目,Scolopacidae,丘鹬科,Limosa,塍鹬属,塍鹬属,未改动,,,尾塍鹬属,shared Chinese species-name suffix only; not used in app,2,斑尾塍鹬 (Limosa lapponica); 黑尾塍鹬 (Limosa limosa)
Charadriiformes,鸻形目,Scolopacidae,丘鹬科,Phalaropus,瓣蹼鹬属,瓣蹼鹬属,未改动,,,瓣蹼鹬属,shared Chinese species-name suffix only; not used in app,2,灰瓣蹼鹬 (Phalaropus fulicarius); 红颈瓣蹼鹬 (Phalaropus lobatus)
Columbiformes,鸽形目,Columbidae,鸠鸽科,Ducula,皇鸠属,皇鸠属,未改动,,,皇鸠属,shared Chinese species-name suffix only; not used in app,2,绿皇鸠 (Ducula aenea); 山皇鸠 (Ducula badia)
Columbiformes,鸽形目,Columbidae,鸠鸽科,Spilopelia,副斑鸠属,副斑鸠属,未改动,,,斑鸠属,shared Chinese species-name suffix only; not used in app,2,珠颈斑鸠 (Spilopelia chinensis); 棕斑鸠 (Spilopelia senegalensis)
Cuculiformes,鹃形目,Cuculidae,杜鹃科,Cacomantis,八声杜鹃属,八声杜鹃属,未改动,,,杜鹃属,shared Chinese species-name suffix only; not used in app,2,栗斑杜鹃 (Cacomantis sonneratii); 八声杜鹃 (Cacomantis merulinus)
Cuculiformes,鹃形目,Cuculidae,杜鹃科,Centropus,鸦鹃属,鸦鹃属,未改动,,,鸦鹃属,shared Chinese species-name suffix only; not used in app,2,褐翅鸦鹃 (Centropus sinensis); 小鸦鹃 (Centropus bengalensis)
Galliformes,鸡形目,Phasianidae,雉科,Lagopus,雷鸟属,雷鸟属,未改动,,,雷鸟属,shared Chinese species-name suffix only; not used in app,2,岩雷鸟 (Lagopus muta); 柳雷鸟 (Lagopus lagopus)
Galliformes,鸡形目,Phasianidae,雉科,Tetrao,松鸡属,松鸡属,未改动,,,松鸡属,shared Chinese species-name suffix only; not used in app,2,黑嘴松鸡 (Tetrao urogalloides); 西方松鸡 (Tetrao urogallus)
Galliformes,鸡形目,Phasianidae,雉科,Tetrastes,榛鸡属,榛鸡属,未改动,,,尾榛鸡属,shared Chinese species-name suffix only; not used in app,2,斑尾榛鸡 (Tetrastes sewerzowi); 花尾榛鸡 (Tetrastes bonasia)
Gruiformes,鹤形目,Rallidae,秧鸡科,Rallina,斑秧鸡属,斑秧鸡属,未改动,,,斑秧鸡属,shared Chinese species-name suffix only; not used in app,2,红腿斑秧鸡 (Rallina fasciata); 白喉斑秧鸡 (Rallina eurizonoides)
Gruiformes,鹤形目,Rallidae,秧鸡科,Rallus,秧鸡属,秧鸡属,未改动,,,秧鸡属,shared Chinese species-name suffix only; not used in app,2,西方秧鸡 (Rallus aquaticus); 普通秧鸡 (Rallus indicus)
Passeriformes,雀形目,Aegithinidae,雀鹎科,Aegithina,雀鹎属,雀鹎属,未改动,,,雀鹎属,shared Chinese species-name suffix only; not used in app,2,黑翅雀鹎 (Aegithina tiphia); 大绿雀鹎 (Aegithina lafresnayei)
Passeriformes,雀形目,Alaudidae,百灵科,Alaudala,小短趾百灵属,小短趾百灵属,未改动,,,短趾百灵属,shared Chinese species-name suffix only; not used in app,2,亚洲短趾百灵 (Alaudala cheleensis); 中亚短趾百灵 (Alaudala heinei)
Passeriformes,雀形目,Campephagidae,鹃鵙科,Lalage,鸣鹃鵙属,鹃鵙属,已确认修正,“鹃鵙属”过于笼统且易与科名/其他属混淆；现行属名为“鸣鹃鵙属”。,全球鸟类分类索引；台湾生物多样性网络,鹃鵙属,shared Chinese species-name suffix only; not used in app,2,黑鸣鹃鵙 (Lalage nigra); 暗灰鹃鵙 (Lalage melaschistos)
Passeriformes,雀形目,Cinclidae,河乌科,Cinclus,河乌属,河乌属,未改动,,,河乌属,shared Chinese species-name suffix only; not used in app,2,河乌 (Cinclus cinclus); 褐河乌 (Cinclus pallasii)
Passeriformes,雀形目,Cisticolidae,扇尾莺科,Cisticola,扇尾莺属,扇尾莺属,未改动,,,扇尾莺属,shared Chinese species-name suffix only; not used in app,2,棕扇尾莺 (Cisticola juncidis); 金头扇尾莺 (Cisticola exilis)
Passeriformes,雀形目,Cisticolidae,扇尾莺科,Orthotomus,缝叶莺属,缝叶莺属,未改动,,,缝叶莺属,shared Chinese species-name suffix only; not used in app,2,长尾缝叶莺 (Orthotomus sutorius); 黑喉缝叶莺 (Orthotomus atrogularis)
Passeriformes,雀形目,Corvidae,鸦科,Cissa,绿鹊属,绿鹊属,未改动,,,绿鹊属,shared Chinese species-name suffix only; not used in app,2,蓝绿鹊 (Cissa chinensis); 印支绿鹊 (Cissa hypoleuca)
Passeriformes,雀形目,Corvidae,鸦科,Pyrrhocorax,山鸦属,山鸦属,未改动,,,嘴山鸦属,shared Chinese species-name suffix only; not used in app,2,黄嘴山鸦 (Pyrrhocorax graculus); 红嘴山鸦 (Pyrrhocorax pyrrhocorax)
Passeriformes,雀形目,Fringillidae,燕雀科,Eophona,蜡嘴雀属,蜡嘴雀属,未改动,,,蜡嘴雀属,shared Chinese species-name suffix only; not used in app,2,黑头蜡嘴雀 (Eophona personata); 黑尾蜡嘴雀 (Eophona migratoria)
Passeriformes,雀形目,Fringillidae,燕雀科,Fringilla,燕雀属,燕雀属,未改动,,,燕雀属,shared Chinese species-name suffix only; not used in app,2,燕雀 (Fringilla montifringilla); 苍头燕雀 (Fringilla coelebs)
Passeriformes,雀形目,Fringillidae,燕雀科,Linaria,朱顶雀属,朱顶雀属,未改动,,,朱顶雀属,shared Chinese species-name suffix only; not used in app,2,黄嘴朱顶雀 (Linaria flavirostris); 赤胸朱顶雀 (Linaria cannabina)
Passeriformes,雀形目,Fringillidae,燕雀科,Loxia,交嘴雀属,交嘴雀属,未改动,,,交嘴雀属,shared Chinese species-name suffix only; not used in app,2,白翅交嘴雀 (Loxia leucoptera); 红交嘴雀 (Loxia curvirostra)
Passeriformes,雀形目,Hirundinidae,燕科,Ptyonoprogne,岩燕属,岩燕属,未改动,,,岩燕属,shared Chinese species-name suffix only; not used in app,2,纯色岩燕 (Ptyonoprogne concolor); 岩燕 (Ptyonoprogne rupestris)
Passeriformes,雀形目,Leiothrichidae,噪鹛科,Leiothrix,相思鸟属,相思鸟属,未改动,,,相思鸟属,shared Chinese species-name suffix only; not used in app,2,红嘴相思鸟 (Leiothrix lutea); 银耳相思鸟 (Leiothrix argentauris)
Passeriformes,雀形目,Muscicapidae,鹟科,Copsychus,鹊鸲属,鹊鸲属,未改动,,,鹊鸲属,shared Chinese species-name suffix only; not used in app,2,鹊鸲 (Copsychus saularis); 白腰鹊鸲 (Copsychus malabaricus)
Passeriformes,雀形目,Nectariniidae,太阳鸟科,Arachnothera,捕蛛鸟属,捕蛛鸟属,未改动,,,捕蛛鸟属,shared Chinese species-name suffix only; not used in app,2,长嘴捕蛛鸟 (Arachnothera longirostra); 纹背捕蛛鸟 (Arachnothera magna)
Passeriformes,雀形目,Nectariniidae,太阳鸟科,Cinnyris,双领花蜜鸟属,花蜜鸟属,用户确认后填写,用户复核并确认使用“双领花蜜鸟属”。,用户确认,花蜜鸟属,shared Chinese species-name suffix only; not used in app,2,紫色花蜜鸟 (Cinnyris asiaticus); 黄腹花蜜鸟 (Cinnyris jugularis)
Passeriformes,雀形目,Ploceidae,织雀科,Ploceus,织布鸟属,织布鸟属,未改动,,,胸织雀属,shared Chinese species-name suffix only; not used in app,2,纹胸织雀 (Ploceus manyar); 黄胸织雀 (Ploceus philippinus)
Passeriformes,雀形目,Pycnonotidae,鹎科,Alophoixus,冠鹎属,冠鹎属,未改动,,,冠鹎属,shared Chinese species-name suffix only; not used in app,2,黄腹冠鹎 (Alophoixus flaveolus); 白喉冠鹎 (Alophoixus pallidus)
Passeriformes,雀形目,Pycnonotidae,鹎科,Hemixos,灰短脚鹎属,短脚鹎属,已确认修正,与 Hypsipetes 的“短脚鹎属”混用；Hemixos 为“灰短脚鹎属”。,全球鸟类分类索引；中文鸟类名录,短脚鹎属,shared Chinese species-name suffix only; not used in app,2,灰短脚鹎 (Hemixos flavala); 栗背短脚鹎 (Hemixos castanonotus)
Passeriformes,雀形目,Pycnonotidae,鹎科,Hypsipetes,短脚鹎属,短脚鹎属,未改动,,,短脚鹎属,shared Chinese species-name suffix only; not used in app,2,栗耳短脚鹎 (Hypsipetes amaurotis); 黑短脚鹎 (Hypsipetes leucocephalus)
Passeriformes,雀形目,Pycnonotidae,鹎科,Spizixos,雀嘴鹎属,雀嘴鹎属,未改动,,,雀嘴鹎属,shared Chinese species-name suffix only; not used in app,2,领雀嘴鹎 (Spizixos semitorques); 凤头雀嘴鹎 (Spizixos canifrons)
Passeriformes,雀形目,Sturnidae,椋鸟科,Agropsar,北椋鸟属,北椋鸟属,未改动,,,椋鸟属,shared Chinese species-name suffix only; not used in app,2,北椋鸟 (Agropsar sturninus); 紫背椋鸟 (Agropsar philippensis)
Pelecaniformes,鹈形目,Ardeidae,鹭科,Nycticorax,夜鹭属,夜鹭属,未改动,,,夜鹭属,shared Chinese species-name suffix only; not used in app,2,夜鹭 (Nycticorax nycticorax); 棕夜鹭 (Nycticorax caledonicus)
Piciformes,䴕形目,Picidae,啄木鸟科,Dryocopus,黑啄木鸟属,黑啄木鸟属,未改动,,,黑啄木鸟属,shared Chinese species-name suffix only; not used in app,2,黑啄木鸟 (Dryocopus martius); 白腹黑啄木鸟 (Dryocopus javensis)
Piciformes,䴕形目,Picidae,啄木鸟科,Yungipicus,星头啄木鸟属,星头啄木鸟属,未改动,,,星头啄木鸟属,shared Chinese species-name suffix only; not used in app,2,星头啄木鸟 (Yungipicus canicapillus); 小星头啄木鸟 (Yungipicus kizuki)
Strigiformes,鸮形目,Strigidae,鸱鸮科,Asio,鸣角鸮属,耳鸮属,用户确认后填写,用户复核并确认使用“鸣角鸮属”。,用户确认,耳鸮属,shared Chinese species-name suffix only; not used in app,2,短耳鸮 (Asio flammeus); 长耳鸮 (Asio otus)
Strigiformes,鸮形目,Strigidae,鸱鸮科,Athene,小鸮属,小鸮属,未改动,,,腹小鸮属,shared Chinese species-name suffix only; not used in app,2,纵纹腹小鸮 (Athene noctua); 横斑腹小鸮 (Athene brama)
Strigiformes,鸮形目,Strigidae,鸱鸮科,Bubo,雕鸮属,雕鸮属,未改动,,,,,2,雪鸮 (Bubo scandiacus); 雕鸮 (Bubo bubo)
Strigiformes,鸮形目,Strigidae,鸱鸮科,Glaucidium,鸺鹠属,鸺鹠属,未改动,,,头鸺鹠属,shared Chinese species-name suffix only; not used in app,2,花头鸺鹠 (Glaucidium passerinum); 斑头鸺鹠 (Glaucidium cuculoides)
Strigiformes,鸮形目,Strigidae,鸱鸮科,Ninox,鹰鸮属,鹰鸮属,未改动,,,鹰鸮属,shared Chinese species-name suffix only; not used in app,2,鹰鸮 (Ninox scutulata); 北鹰鸮 (Ninox japonica)
Strigiformes,鸮形目,Tytonidae,仓鸮科,Tyto,草鸮属,草鸮属,未改动,,,,,2,草鸮 (Tyto longimembris); 仓鸮 (Tyto javanica)
Suliformes,鲣鸟目,Phalacrocoracidae,鸬鹚科,Urile,海鸬鹚属,海鸬鹚属,未改动,,,鸬鹚属,shared Chinese species-name suffix only; not used in app,2,红脸鸬鹚 (Urile urile); 海鸬鹚 (Urile pelagicus)
Accipitriformes,鹰形目,Accipitridae,鹰科,Accipiter,鹰属,鹰属,未改动,,,,,1,雀鹰 (Accipiter nisus)
Accipitriformes,鹰形目,Accipitridae,鹰科,Aegypius,秃鹫属,秃鹫属,未改动,,,,,1,秃鹫 (Aegypius monachus)
Accipitriformes,鹰形目,Accipitridae,鹰科,Astur,苍鹰属,苍鹰属,未改动,,,,,1,苍鹰 (Astur gentilis)
Accipitriformes,鹰形目,Accipitridae,鹰科,Circaetus,短趾雕属,短趾雕属,未改动,,,,,1,短趾雕 (Circaetus gallicus)
Accipitriformes,鹰形目,Accipitridae,鹰科,Elanus,黑翅鸢属,黑翅鸢属,未改动,,,,,1,黑翅鸢 (Elanus caeruleus)
Accipitriformes,鹰形目,Accipitridae,鹰科,Gypaetus,胡兀鹫属,胡兀鹫属,未改动,,,,,1,胡兀鹫 (Gypaetus barbatus)
Accipitriformes,鹰形目,Accipitridae,鹰科,Haliastur,栗鸢属,栗鸢属,未改动,,,,,1,栗鸢 (Haliastur indus)
Accipitriformes,鹰形目,Accipitridae,鹰科,Hieraaetus,隼雕属,隼雕属,未改动,,,,,1,靴隼雕 (Hieraaetus pennatus)
Accipitriformes,鹰形目,Accipitridae,鹰科,Ictinaetus,林雕属,林雕属,未改动,,,,,1,林雕 (Ictinaetus malaiensis)
Accipitriformes,鹰形目,Accipitridae,鹰科,Lophospiza,,,未确认；继续留空,近年拆分/恢复使用的属，未找到稳定、可核实的中文正式属名。,本轮未找到足够一致的正式属级中文名来源,,,1,凤头鹰 (Lophospiza trivirgata)
Accipitriformes,鹰形目,Accipitridae,鹰科,Lophotriorchis,棕腹隼雕属,棕腹隼雕属,未改动,,,,,1,棕腹隼雕 (Lophotriorchis kienerii)
Accipitriformes,鹰形目,Accipitridae,鹰科,Milvus,鸢属,鸢属,未改动,,,,,1,黑鸢 (Milvus migrans)
Accipitriformes,鹰形目,Accipitridae,鹰科,Neophron,白兀鹫属,白兀鹫属,未改动,,,,,1,白兀鹫 (Neophron percnopterus)
Accipitriformes,鹰形目,Accipitridae,鹰科,Sarcogyps,黑兀鹫属,黑兀鹫属,未改动,,,,,1,黑兀鹫 (Sarcogyps calvus)
Accipitriformes,鹰形目,Accipitridae,鹰科,Spilornis,蛇雕属,蛇雕属,未改动,,,,,1,蛇雕 (Spilornis cheela)
Accipitriformes,鹰形目,Pandionidae,鹗科,Pandion,鹗属,鹗属,未改动,,,,,1,鹗 (Pandion haliaetus)
Anseriformes,雁形目,Anatidae,鸭科,Asarcornis,白翅栖鸭属,白翅栖鸭属,未改动,,,,,1,白翅栖鸭 (Asarcornis scutulata)
Anseriformes,雁形目,Anatidae,鸭科,Bucephala,鹊鸭属,鹊鸭属,未改动,,,,,1,鹊鸭 (Bucephala clangula)
Anseriformes,雁形目,Anatidae,鸭科,Clangula,长尾鸭属,长尾鸭属,未改动,,,,,1,长尾鸭 (Clangula hyemalis)
Anseriformes,雁形目,Anatidae,鸭科,Dendrocygna,树鸭属,树鸭属,未改动,,,,,1,栗树鸭 (Dendrocygna javanica)
Anseriformes,雁形目,Anatidae,鸭科,Histrionicus,丑鸭属,丑鸭属,未改动,,,,,1,丑鸭 (Histrionicus histrionicus)
Anseriformes,雁形目,Anatidae,鸭科,Nettapus,棉凫属,棉凫属,未改动,,,,,1,棉凫 (Nettapus coromandelianus)
Anseriformes,雁形目,Anatidae,鸭科,Oxyura,硬尾鸭属,硬尾鸭属,未改动,,,,,1,白头硬尾鸭 (Oxyura leucocephala)
Anseriformes,雁形目,Anatidae,鸭科,Polysticta,小绒鸭属,小绒鸭属,未改动,,,,,1,小绒鸭 (Polysticta stelleri)
Apodiformes,雨燕目,Apodidae,雨燕科,Cypsiurus,棕雨燕属,棕雨燕属,未改动,,,,,1,棕雨燕 (Cypsiurus balasiensis)
Apodiformes,雨燕目,Apodidae,雨燕科,Tachymarptis,高山雨燕属,高山雨燕属,未改动,,,,,1,高山雨燕 (Tachymarptis melba)
Bucerotiformes,犀鸟目,Bucerotidae,犀鸟科,Anthracoceros,斑犀鸟属,斑犀鸟属,未改动,,,,,1,冠斑犀鸟 (Anthracoceros albirostris)
Bucerotiformes,犀鸟目,Upupidae,戴胜科,Upupa,戴胜属,戴胜属,未改动,,,,,1,戴胜 (Upupa epops)
Caprimulgiformes,夜鹰目,Caprimulgidae,夜鹰科,Lyncornis,大毛腿夜鹰属,耳夜鹰属,已确认修正,与 Eurostopodus 的中文属名混用；现行拆分后 Lyncornis 对应“大毛腿夜鹰属”。,Global Bird Index（IOC 15.1）；懂鸟,,,1,毛腿耳夜鹰 (Lyncornis macrotis)
Charadriiformes,鸻形目,Alcidae,海雀科,Brachyramphus,斑海雀属,斑海雀属,未改动,,,,,1,长嘴斑海雀 (Brachyramphus perdix)
Charadriiformes,鸻形目,Alcidae,海雀科,Cerorhinca,角嘴海雀属,角嘴海雀属,未改动,,,,,1,角嘴海雀 (Cerorhinca monocerata)
Charadriiformes,鸻形目,Alcidae,海雀科,Uria,海鸦属,海鸦属,未改动,,,,,1,崖海鸦 (Uria aalge)
Charadriiformes,鸻形目,Burhinidae,石鸻科,Burhinus,石鸻属,石鸻属,未改动,,,,,1,石鸻 (Burhinus oedicnemus)
Charadriiformes,鸻形目,Burhinidae,石鸻科,Esacus,大石鸻属,大石鸻属,未改动,,,,,1,大石鸻 (Esacus recurvirostris)
Charadriiformes,鸻形目,Charadriidae,鸻科,Charadrius,鸻属,鸻属,未改动,,,,,1,剑鸻 (Charadrius hiaticula)
Charadriiformes,鸻形目,Charadriidae,鸻科,Eudromias,,,未确认；继续留空,分类处理与中文属名存在版本差异，未确认统一正式用法。,本轮未找到足够一致的正式属级中文名来源,,,1,小嘴鸻 (Eudromias morinellus)
Charadriiformes,鸻形目,Haematopodidae,蛎鹬科,Haematopus,蛎鹬属,蛎鹬属,未改动,,,,,1,蛎鹬 (Haematopus ostralegus)
Charadriiformes,鸻形目,Laridae,鸥科,Gelochelidon,噪鸥属,噪鸥属,未改动,,,,,1,鸥嘴噪鸥 (Gelochelidon nilotica)
Charadriiformes,鸻形目,Laridae,鸥科,Gygis,白燕鸥属,白燕鸥属,未改动,,,,,1,白燕鸥 (Gygis alba)
Charadriiformes,鸻形目,Laridae,鸥科,Rhodostethia,楔尾鸥属,楔尾鸥属,未改动,,,,,1,楔尾鸥 (Rhodostethia rosea)
Charadriiformes,鸻形目,Laridae,鸥科,Rissa,三趾鸥属,三趾鸥属,未改动,,,,,1,三趾鸥 (Rissa tridactyla)
Charadriiformes,鸻形目,Laridae,鸥科,Sternula,小燕鸥属,小燕鸥属,未改动,,,,,1,白额燕鸥 (Sternula albifrons)
Charadriiformes,鸻形目,Laridae,鸥科,Xema,叉尾鸥属,叉尾鸥属,未改动,,,,,1,叉尾鸥 (Xema sabini)
Charadriiformes,鸻形目,Rostratulidae,彩鹬科,Rostratula,彩鹬属,彩鹬属,未改动,,,,,1,彩鹬 (Rostratula benghalensis)
Charadriiformes,鸻形目,Scolopacidae,丘鹬科,Arenaria,翻石鹬属,翻石鹬属,未改动,,,,,1,翻石鹬 (Arenaria interpres)
Charadriiformes,鸻形目,Scolopacidae,丘鹬科,Lymnocryptes,姬鹬属,姬鹬属,未改动,,,,,1,姬鹬 (Lymnocryptes minimus)
Ciconiiformes,鹳形目,Ciconiidae,鹳科,Anastomus,钳嘴鹳属,钳嘴鹳属,未改动,,,,,1,钳嘴鹳 (Anastomus oscitans)
Columbiformes,鸽形目,Columbidae,鸠鸽科,Chalcophaps,金鸠属,金鸠属,未改动,,,,,1,绿翅金鸠 (Chalcophaps indica)
Columbiformes,鸽形目,Columbidae,鸠鸽科,Ramphiculus,果鸠属,果鸠属,未改动,,,,,1,黑颏果鸠 (Ramphiculus leclancheri)
Coraciiformes,佛法僧目,Alcedinidae,翠鸟科,Ceryle,鱼狗属,鱼狗属,未改动,,,,,1,斑鱼狗 (Ceryle rudis)
Coraciiformes,佛法僧目,Alcedinidae,翠鸟科,Ceyx,三趾翠鸟属,三趾翠鸟属,未改动,,,,,1,三趾翠鸟 (Ceyx erithaca)
Coraciiformes,佛法僧目,Alcedinidae,翠鸟科,Megaceryle,大鱼狗属,冠鱼狗属,已确认修正,“冠鱼狗属”不是该属当前常用的正式属名；Megaceryle 为“大鱼狗属”。,全球鸟类分类索引；中文鸟类资料,,,1,冠鱼狗 (Megaceryle lugubris)
Coraciiformes,佛法僧目,Alcedinidae,翠鸟科,Pelargopsis,鹳嘴翡翠属,鹳嘴翡翠属,未改动,,,,,1,鹳嘴翡翠 (Pelargopsis capensis)
Coraciiformes,佛法僧目,Alcedinidae,翠鸟科,Todiramphus,领翡翠属,领翡翠属,未改动,,,,,1,白领翡翠 (Todiramphus chloris)
Coraciiformes,佛法僧目,Coraciidae,佛法僧科,Eurystomus,三宝鸟属,三宝鸟属,未改动,,,,,1,三宝鸟 (Eurystomus orientalis)
Coraciiformes,佛法僧目,Meropidae,蜂虎科,Nyctyornis,夜蜂虎属,夜蜂虎属,未改动,,,,,1,蓝须夜蜂虎 (Nyctyornis athertoni)
Cuculiformes,鹃形目,Cuculidae,杜鹃科,Eudynamys,噪鹃属,噪鹃属,未改动,,,,,1,噪鹃 (Eudynamys scolopaceus)
Cuculiformes,鹃形目,Cuculidae,杜鹃科,Phaenicophaeus,地鹃属,地鹃属,未改动,,,,,1,绿嘴地鹃 (Phaenicophaeus tristis)
Cuculiformes,鹃形目,Cuculidae,杜鹃科,Surniculus,乌鹃属,乌鹃属,未改动,,,,,1,乌鹃 (Surniculus lugubris)
Galliformes,鸡形目,Phasianidae,雉科,Falcipennis,镰翅鸡属,镰翅鸡属,未改动,,,,,1,镰翅鸡 (Falcipennis falcipennis)
Galliformes,鸡形目,Phasianidae,雉科,Francolinus,鹧鸪属,鹧鸪属,未改动,,,,,1,中华鹧鸪 (Francolinus pintadeanus)
Galliformes,鸡形目,Phasianidae,雉科,Gallus,原鸡属,原鸡属,未改动,,,,,1,红原鸡 (Gallus gallus)
Galliformes,鸡形目,Phasianidae,雉科,Ithaginis,血雉属,血雉属,未改动,,,,,1,血雉 (Ithaginis cruentus)
Galliformes,鸡形目,Phasianidae,雉科,Lyrurus,黑琴鸡属,黑琴鸡属,未改动,,,,,1,黑琴鸡 (Lyrurus tetrix)
Galliformes,鸡形目,Phasianidae,雉科,Pavo,孔雀属,孔雀属,未改动,,,,,1,绿孔雀 (Pavo muticus)
Galliformes,鸡形目,Phasianidae,雉科,Phasianus,雉属,雉属,未改动,,,,,1,雉鸡 (Phasianus colchicus)
Galliformes,鸡形目,Phasianidae,雉科,Pucrasia,勺鸡属,勺鸡属,未改动,,,,,1,勺鸡 (Pucrasia macrolopha)
Galliformes,鸡形目,Phasianidae,雉科,Synoicus,蓝胸鹑属,蓝胸鹑属,未改动,,,,,1,蓝胸鹑 (Synoicus chinensis)
Galliformes,鸡形目,Phasianidae,雉科,Tropicoperdix,树鹧鸪属,树鹧鸪属,未改动,,,,,1,绿脚树鹧鸪 (Tropicoperdix chloropus)
Gruiformes,鹤形目,Rallidae,秧鸡科,Amaurornis,苦恶鸟属,苦恶鸟属,未改动,,,,,1,白胸苦恶鸟 (Amaurornis phoenicurus)
Gruiformes,鹤形目,Rallidae,秧鸡科,Fulica,骨顶鸡属,骨顶鸡属,未改动,,,,,1,白骨顶 (Fulica atra)
Gruiformes,鹤形目,Rallidae,秧鸡科,Gallinula,黑水鸡属,黑水鸡属,未改动,,,,,1,黑水鸡 (Gallinula chloropus)
Gruiformes,鹤形目,Rallidae,秧鸡科,Lewinia,灰胸秧鸡属,灰胸秧鸡属,未改动,,,,,1,灰胸秧鸡 (Lewinia striata)
Gruiformes,鹤形目,Rallidae,秧鸡科,Porzana,田鸡属,田鸡属,未改动,,,,,1,斑胸田鸡 (Porzana porzana)
Otidiformes,鸨形目,Otididae,鸨科,Otis,鸨属,鸨属,未改动,,,,,1,大鸨 (Otis tarda)
Passeriformes,雀形目,Acrocephalidae,苇莺科,Arundinax,厚嘴苇莺属,厚嘴苇莺属,未改动,,,,,1,厚嘴苇莺 (Arundinax aedon)
Passeriformes,雀形目,Alaudidae,百灵科,Eremophila,角百灵属,角百灵属,未改动,,,,,1,角百灵 (Eremophila alpestris)
Passeriformes,雀形目,Alaudidae,百灵科,Galerida,凤头百灵属,凤头百灵属,未改动,,,,,1,凤头百灵 (Galerida cristata)
Passeriformes,雀形目,Alaudidae,百灵科,Mirafra,歌百灵属,歌百灵属,未改动,,,,,1,歌百灵 (Mirafra javanica)
Passeriformes,雀形目,Calcariidae,铁爪鹀科,Calcarius,铁爪鹀属,铁爪鹀属,未改动,,,,,1,铁爪鹀 (Calcarius lapponicus)
Passeriformes,雀形目,Calcariidae,铁爪鹀科,Plectrophenax,雪鹀属,雪鹀属,未改动,,,,,1,雪鹀 (Plectrophenax nivalis)
Passeriformes,雀形目,Campephagidae,鹃鵙科,Coracina,鸦鹃鵙属,鸦鹃鵙属,未改动,,,,,1,大鹃鵙 (Coracina javensis)
Passeriformes,雀形目,Cettiidae,树莺科,Hemitesia,,,未确认；继续留空,未找到稳定、可核实的中文正式属名。,本轮未找到足够一致的正式属级中文名来源,,,1,淡脚树莺 (Hemitesia pallidipes)
Passeriformes,雀形目,Cettiidae,树莺科,Phyllergates,拟缝叶莺属,拟缝叶莺属,未改动,,,,,1,金头拟缝叶莺 (Phyllergates cucullatus)
Passeriformes,雀形目,Cettiidae,树莺科,Tickellia,宽嘴鹟莺属,宽嘴鹟莺属,未改动,,,,,1,宽嘴鹟莺 (Tickellia hodgsoni)
Passeriformes,雀形目,Corvidae,鸦科,Cyanopica,灰喜鹊属,灰喜鹊属,未改动,,,,,1,灰喜鹊 (Cyanopica cyanus)
Passeriformes,雀形目,Corvidae,鸦科,Garrulus,松鸦属,松鸦属,未改动,,,,,1,松鸦 (Garrulus glandarius)
Passeriformes,雀形目,Estrildidae,梅花雀科,Amandava,红梅花雀属,梅花雀属,已确认修正,“梅花雀属”通常对应 Estrilda；Amandava 为“红梅花雀属”。,中国动物物种编目数据库；懂鸟,,,1,红梅花雀 (Amandava amandava)
Passeriformes,雀形目,Estrildidae,梅花雀科,Erythrura,鹦雀属,鹦雀属,未改动,,,,,1,长尾鹦雀 (Erythrura prasina)
Passeriformes,雀形目,Eurylaimidae,阔嘴鸟科,Psarisomus,长尾阔嘴鸟属,长尾阔嘴鸟属,未改动,,,,,1,长尾阔嘴鸟 (Psarisomus dalhousiae)
Passeriformes,雀形目,Fringillidae,燕雀科,Acanthis,白腰朱顶雀属,朱顶雀属,已确认修正,与 Linaria 的“朱顶雀属”混用；拆分后 Acanthis 使用“白腰朱顶雀属”。,懂鸟；《中国鸟类分类与分布名录》补充材料,,,1,白腰朱顶雀 (Acanthis flammea)
Passeriformes,雀形目,Fringillidae,燕雀科,Bucanetes,沙雀属,沙雀属,未改动,,,,,1,蒙古沙雀 (Bucanetes mongolicus)
Passeriformes,雀形目,Fringillidae,燕雀科,Callacanthis,红眉金翅雀属,红眉金翅雀属,未改动,,,,,1,红眉金翅雀 (Callacanthis burtoni)
Passeriformes,雀形目,Fringillidae,燕雀科,Carduelis,红额金翅雀属,金翅雀属,已确认修正,与 Chloris 的“金翅雀属”混用；拆分后的 Carduelis 使用“红额金翅雀属”。,懂鸟；全球鸟类分类索引,,,1,红额金翅雀 (Carduelis carduelis)
Passeriformes,雀形目,Fringillidae,燕雀科,Coccothraustes,锡嘴雀属,锡嘴雀属,未改动,,,,,1,锡嘴雀 (Coccothraustes coccothraustes)
Passeriformes,雀形目,Fringillidae,燕雀科,Pinicola,松雀属,松雀属,未改动,,,,,1,松雀 (Pinicola enucleator)
Passeriformes,雀形目,Fringillidae,燕雀科,Procarduelis,暗胸朱雀属,暗胸朱雀属,未改动,,,,,1,暗胸朱雀 (Procarduelis nipalensis)
Passeriformes,雀形目,Fringillidae,燕雀科,Rhodopechys,红翅沙雀属,沙雀属,已确认修正,与 Bucanetes 的“沙雀属”混用；Rhodopechys 使用“红翅沙雀属”。,懂鸟；iNaturalist 中文名修订记录,,,1,红翅沙雀 (Rhodopechys sanguineus)
Passeriformes,雀形目,Hirundinidae,燕科,Cecropis,金腰燕属,金腰燕属,未改动,,,,,1,金腰燕 (Cecropis daurica)
Passeriformes,雀形目,Hirundinidae,燕科,Petrochelidon,石燕属,石燕属,未改动,,,,,1,黄额燕 (Petrochelidon fluvicola)
Passeriformes,雀形目,Irenidae,和平鸟科,Irena,和平鸟属,和平鸟属,未改动,,,,,1,和平鸟 (Irena puella)
Passeriformes,雀形目,Leiothrichidae,噪鹛科,Cutia,姬鹛属,姬鹛属,未改动,,,,,1,斑胁姬鹛 (Cutia nipalensis)
Passeriformes,雀形目,Leiothrichidae,噪鹛科,Grammatoptila,条纹噪鹛属,条纹噪鹛属,未改动,,,,,1,条纹噪鹛 (Grammatoptila striata)
Passeriformes,雀形目,Leiothrichidae,噪鹛科,Leioptila,奇鹛属,奇鹛属,未改动,,,,,1,栗背奇鹛 (Leioptila annectens)
Passeriformes,雀形目,Leiothrichidae,噪鹛科,Minla,希鹛属,希鹛属,未改动,,,,,1,火尾希鹛 (Minla ignotincta)
Passeriformes,雀形目,Locustellidae,蝗莺科,Megalurus,大尾莺属,大尾莺属,未改动,,,,,1,沼泽大尾莺 (Megalurus palustris)
Passeriformes,雀形目,Monarchidae,王鹟科,Hypothymis,黑枕王鹟属,王鹟属,用户确认后填写,用户复核并确认使用“黑枕王鹟属”。,用户确认,,,1,黑枕王鹟 (Hypothymis azurea)
Passeriformes,雀形目,Muscicapidae,鹟科,Anthipes,白喉姬鹟属,白喉姬鹟属,未改动,,,,,1,白喉姬鹟 (Anthipes monileger)
Passeriformes,雀形目,Muscicapidae,鹟科,Cercotrichas,须薮鸲属,薮鸲属,用户确认后填写,用户复核并确认使用“须薮鸲属”。,用户确认,,,1,棕薮鸲 (Cercotrichas galactotes)
Passeriformes,雀形目,Muscicapidae,鹟科,Cinclidium,蓝额地鸲属,长脚地鸲属,用户确认后填写,用户复核并确认使用“蓝额地鸲属”。,用户确认,,,1,蓝额长脚地鸲 (Cinclidium frontale)
Passeriformes,雀形目,Muscicapidae,鹟科,Erithacus,欧亚鸲属,欧亚鸲属,未改动,,,,,1,欧亚鸲 (Erithacus rubecula)
Passeriformes,雀形目,Muscicapidae,鹟科,Eumyias,铜蓝仙鹟属,蓝鹟属,用户确认后填写,用户复核并确认使用“铜蓝仙鹟属”。,用户确认,,,1,铜蓝鹟 (Eumyias thalassinus)
Passeriformes,雀形目,Muscicapidae,鹟科,Heteroxenicus,短翅鸫属,短翅鸫属,未改动,,,,,1,栗背短翅鸫 (Heteroxenicus stellatus)
Passeriformes,雀形目,Muscicapidae,鹟科,Leucoptilon,,,未确认；继续留空,近年拆分使用的属，未找到稳定、可核实的中文正式属名。,本轮未找到足够一致的正式属级中文名来源,,,1,白尾蓝仙鹟 (Leucoptilon concretum)
Passeriformes,雀形目,Muscicapidae,鹟科,Myiomela,蓝地鸲属,蓝地鸲属,未改动,,,,,1,白尾蓝地鸲 (Myiomela leucura)
Passeriformes,雀形目,Nectariniidae,太阳鸟科,Anthreptes,食蜜鸟属,食蜜鸟属,未改动,,,,,1,褐喉食蜜鸟 (Anthreptes malacensis)
Passeriformes,雀形目,Nectariniidae,太阳鸟科,Chalcoparia,直嘴太阳鸟属,直嘴太阳鸟属,用户确认保留,用户复核后确认保留原值“直嘴太阳鸟属”。,用户确认,,,1,紫颊直嘴太阳鸟 (Chalcoparia singalensis)
Passeriformes,雀形目,Nectariniidae,太阳鸟科,Kurochkinegramma,,,未确认；继续留空,近年新立/调整的属，未找到稳定、可核实的中文正式属名。,本轮未找到足够一致的正式属级中文名来源,,,1,蓝枕花蜜鸟 (Kurochkinegramma hypogrammicum)
Passeriformes,雀形目,Panuridae,文须雀科,Panurus,文须雀属,文须雀属,未改动,,,,,1,文须雀 (Panurus biarmicus)
Passeriformes,雀形目,Paradoxornithidae,鸦雀科,Chrysomma,金眼鹛雀属,金眼鹛雀属,未改动,,,,,1,金眼鹛雀 (Chrysomma sinense)
Passeriformes,雀形目,Paradoxornithidae,鸦雀科,Lioparus,金胸雀鹛属,金胸雀鹛属,未改动,,,,,1,金胸雀鹛 (Lioparus chrysotis)
Passeriformes,雀形目,Paridae,山雀科,Cephalopyrus,火冠雀属,火冠雀属,未改动,,,,,1,火冠雀 (Cephalopyrus flammiceps)
Passeriformes,雀形目,Paridae,山雀科,Cyanistes,蓝山雀属,蓝山雀属,未改动,,,,,1,灰蓝山雀 (Cyanistes cyanus)
Passeriformes,雀形目,Paridae,山雀科,Lophophanes,冠山雀属,冠山雀属,未改动,,,,,1,褐冠山雀 (Lophophanes dichrous)
Passeriformes,雀形目,Paridae,山雀科,Melanochlora,冕雀属,冕雀属,未改动,,,,,1,冕雀 (Melanochlora sultanea)
Passeriformes,雀形目,Paridae,山雀科,Sylviparus,黄眉林雀属,林雀属,用户确认后填写,用户复核并确认使用“黄眉林雀属”。,用户确认,,,1,黄眉林雀 (Sylviparus modestus)
Passeriformes,雀形目,Passerellidae,雀鹀科,Passerculus,稀树草鹀属,草鹀属,用户确认后填写,用户复核并确认使用“稀树草鹀属”。,用户确认,,,1,稀树草鹀 (Passerculus sandwichensis)
Passeriformes,雀形目,Passerellidae,雀鹀科,Zonotrichia,带鹀属,带鹀属,未改动,,,,,1,白冠带鹀 (Zonotrichia leucophrys)
Passeriformes,雀形目,Passeridae,雀科,Petronia,石雀属,石雀属,未改动,,,,,1,石雀 (Petronia petronia)
Passeriformes,雀形目,Pellorneidae,幽鹛科,Graminicola,大草莺属,草鹛属,已确认修正,“草鹛属”是按旧中文种名推导，现行属名为“大草莺属”。,Species 2000 China；观鸟去（AviList 2025）,,,1,中华草鹛 (Graminicola striatus)
Passeriformes,雀形目,Pycnonotidae,鹎科,Alcurus,,鹎属,用户决定留空,用户复核后决定暂不填写中文属名。,用户确认,,,1,纵纹绿鹎 (Alcurus striatus)
Passeriformes,雀形目,Pycnonotidae,鹎科,Iole,伊俄勒短脚鹎属,短脚鹎属,用户确认后填写,用户复核并确认使用“伊俄勒短脚鹎属”。,用户确认,,,1,灰眼短脚鹎 (Iole propinqua)
Passeriformes,雀形目,Pycnonotidae,鹎科,Ixos,爱索斯短脚鹎属,短脚鹎属,用户确认后填写,用户复核并确认使用“爱索斯短脚鹎属”。,用户确认,,,1,绿翅短脚鹎 (Ixos mcclellandii)
Passeriformes,雀形目,Pycnonotidae,鹎科,Microtarsus,黑头鹎属,黑头鹎属,未改动,,,,,1,黑头鹎 (Microtarsus melanocephalos)
Passeriformes,雀形目,Pycnonotidae,鹎科,Rubigula,,黑冠黄鹎属,用户决定留空,用户复核后决定暂不填写中文属名。,用户确认,,,1,黑冠黄鹎 (Rubigula flaviventris)
Passeriformes,雀形目,Stenostiridae,仙莺科,Culicicapa,方尾鹟属,方尾鹟属,未改动,,,,,1,方尾鹟 (Culicicapa ceylonensis)
Passeriformes,雀形目,Sturnidae,椋鸟科,Aplonis,辉椋鸟属,辉椋鸟属,未改动,,,,,1,亚洲辉椋鸟 (Aplonis panayensis)
Passeriformes,雀形目,Sturnidae,椋鸟科,Gracula,鹩哥属,鹩哥属,未改动,,,,,1,鹩哥 (Gracula religiosa)
Passeriformes,雀形目,Sturnidae,椋鸟科,Pastor,粉红椋鸟属,粉红椋鸟属,未改动,,,,,1,粉红椋鸟 (Pastor roseus)
Passeriformes,雀形目,Sturnidae,椋鸟科,Saroglossa,斑翅椋鸟属,斑翅椋鸟属,未改动,,,,,1,斑翅椋鸟 (Saroglossa spilopterus)
Passeriformes,雀形目,Sturnidae,椋鸟科,Sturnus,椋鸟属,椋鸟属,未改动,,,,,1,紫翅椋鸟 (Sturnus vulgaris)
Passeriformes,雀形目,Sylviidae,莺鹛科,Sylvia,林莺属,林莺属,未改动,,,,,1,黑顶林莺 (Sylvia atricapilla)
Passeriformes,雀形目,Tichodromidae,旋壁雀科,Tichodroma,旋壁雀属,旋壁雀属,未改动,,,,,1,红翅旋壁雀 (Tichodroma muraria)
Passeriformes,雀形目,Timaliidae,鹛科,Timalia,红顶鹛属,红顶鹛属,未改动,,,,,1,红顶鹛 (Timalia pileata)
Passeriformes,雀形目,Troglodytidae,鹪鹩科,Troglodytes,鹪鹩属,鹪鹩属,未改动,,,,,1,鹪鹩 (Troglodytes troglodytes)
Passeriformes,雀形目,Vangidae,钩嘴鵙科,Hemipus,鹟鵙属,鹟鵙属,未改动,,,,,1,褐背鹟鵙 (Hemipus picatus)
Passeriformes,雀形目,Vangidae,钩嘴鵙科,Tephrodornis,林鵙属,林鵙属,未改动,,,,,1,钩嘴林鵙 (Tephrodornis virgatus)
Passeriformes,雀形目,Vireonidae,莺雀科,Erpornis,白腹凤鹛属,凤鹛属,用户确认后填写,用户复核并确认使用“白腹凤鹛属”。,用户确认,,,1,白腹凤鹛 (Erpornis zantholeuca)
Passeriformes,雀形目,Zosteropidae,绣眼鸟科,Parayuhina,白领凤鹛属,白领凤鹛属,未改动,,,,,1,白领凤鹛 (Parayuhina diademata)
Pelecaniformes,鹈形目,Ardeidae,鹭科,Butorides,绿鹭属,绿鹭属,未改动,,,,,1,绿鹭 (Butorides striata)
Pelecaniformes,鹈形目,Threskiornithidae,鹮科,Plegadis,彩鹮属,彩鹮属,未改动,,,,,1,彩鹮 (Plegadis falcinellus)
Phoenicopteriformes,红鹳目,Phoenicopteridae,红鹳科,Phoenicopterus,红鹳属,红鹳属,未改动,,,,,1,大红鹳 (Phoenicopterus roseus)
Piciformes,䴕形目,Indicatoridae,响蜜鴷科,Indicator,响蜜䴕属,响蜜䴕属,未改动,,,,,1,黄腰响蜜䴕 (Indicator xanthonotus)
Piciformes,䴕形目,Picidae,啄木鸟科,Blythipicus,噪啄木鸟属,栗啄木鸟属,已确认修正,与 Micropternus 的“栗啄木鸟属”混用；Blythipicus 为“噪啄木鸟属”。,全球鸟类分类索引（IOC 15.1）；懂鸟,,,1,黄嘴栗啄木鸟 (Blythipicus pyrrhotis)
Piciformes,䴕形目,Picidae,啄木鸟科,Chrysocolaptes,大金背啄木鸟属,金背啄木鸟属,已确认修正,与 Dinopium 的“金背三趾啄木鸟属”等近似名称区分；现行属名为“大金背啄木鸟属”。,全球鸟类分类索引（IOC 15.1）；人民网云南频道,,,1,大金背啄木鸟 (Chrysocolaptes guttacristatus)
Piciformes,䴕形目,Picidae,啄木鸟科,Chrysophlegma,大黄冠啄木鸟属,黄冠啄木鸟属,已确认修正,现行属级中文名为“大黄冠啄木鸟属”，不能只写成“黄冠啄木鸟属”。,全球鸟类分类索引（IOC 15.1）,,,1,大黄冠啄木鸟 (Chrysophlegma flavinucha)
Piciformes,䴕形目,Picidae,啄木鸟科,Dendrocoptes,,,未确认；继续留空,有资料写“啄木鸟属”，但与 Dendrocopos 中文属名完全重合，无法确认应采用的唯一正式名。,本轮未找到足够一致的正式属级中文名来源,,,1,褐额啄木鸟 (Dendrocoptes auriceps)
Piciformes,䴕形目,Picidae,啄木鸟科,Dinopium,金背三趾啄木鸟属,金背三趾啄木鸟属,未改动,,,,,1,金背三趾啄木鸟 (Dinopium javanense)
Piciformes,䴕形目,Picidae,啄木鸟科,Gecinulus,竹啄木鸟属,竹啄木鸟属,未改动,,,,,1,竹啄木鸟 (Gecinulus grantia)
Piciformes,䴕形目,Picidae,啄木鸟科,Jynx,蚁䴕属,蚁䴕属,未改动,,,,,1,蚁䴕 (Jynx torquilla)
Piciformes,䴕形目,Picidae,啄木鸟科,Micropternus,栗啄木鸟属,栗啄木鸟属,未改动,,,,,1,栗啄木鸟 (Micropternus brachyurus)
Piciformes,䴕形目,Picidae,啄木鸟科,Mulleripicus,大灰啄木鸟属,大灰啄木鸟属,未改动,,,,,1,大灰啄木鸟 (Mulleripicus pulverulentus)
Piciformes,䴕形目,Picidae,啄木鸟科,Picoides,三趾啄木鸟属,三趾啄木鸟属,未改动,,,,,1,三趾啄木鸟 (Picoides tridactylus)
Piciformes,䴕形目,Picidae,啄木鸟科,Picumnus,姬啄木鸟属,姬啄木鸟属,未改动,,,,,1,斑姬啄木鸟 (Picumnus innominatus)
Piciformes,䴕形目,Picidae,啄木鸟科,Sasia,棕啄木鸟属,棕啄木鸟属,未改动,,,,,1,白眉棕啄木鸟 (Sasia ochracea)
Podargiformes,蟆口鸱目,Podargidae,蟆口鸱科,Batrachostomus,蟆口鸱属,蟆口鸱属,未改动,,,,,1,黑顶蟆口鸱 (Batrachostomus hodgsoni)
Podicipediformes,䴙䴘目,Podicipedidae,䴙䴘科,Tachybaptus,小䴙䴘属,小䴙䴘属,未改动,,,,,1,小䴙䴘 (Tachybaptus ruficollis)
Procellariiformes,鹱形目,Oceanitidae,洋海燕科,Oceanites,洋海燕属,洋海燕属,未改动,,,,,1,黄蹼洋海燕 (Oceanites oceanicus)
Procellariiformes,鹱形目,Procellariidae,鹱科,Fulmarus,暴风鹱属,暴雪鹱属,用户确认后填写,用户复核并确认使用“暴风鹱属”。,用户确认,,,1,暴雪鹱 (Fulmarus glacialis)
Procellariiformes,鹱形目,Procellariidae,鹱科,Pseudobulweria,钩嘴圆尾鹱属,钩嘴圆尾鹱属,未改动,,,,,1,钩嘴圆尾鹱 (Pseudobulweria rostrata)
Procellariiformes,鹱形目,Procellariidae,鹱科,Puffinus,剪水鹱属,剪水鹱属,未改动,,,,,1,黑鹱 (Puffinus nativitatis)
Psittaciformes,鹦形目,Psittaculidae,,Loriculus,短尾鹦鹉属,短尾鹦鹉属,未改动,,,,,1,短尾鹦鹉 (Loriculus vernalis)
Psittaciformes,鹦形目,Psittaculidae,,Psittinus,蓝腰鹦鹉属,蓝腰鹦鹉属,未改动,,,,,1,蓝腰鹦鹉 (Psittinus cyanurus)
Pterocliformes,沙鸡目,Pteroclidae,沙鸡科,Pterocles,沙鸡属,沙鸡属,未改动,,,,,1,黑腹沙鸡 (Pterocles orientalis)
Strigiformes,鸮形目,Strigidae,鸱鸮科,Aegolius,鬼鸮属,鬼鸮属,未改动,,,,,1,鬼鸮 (Aegolius funereus)
Strigiformes,鸮形目,Strigidae,鸱鸮科,Surnia,猛鸮属,猛鸮属,未改动,,,,,1,猛鸮 (Surnia ulula)
Strigiformes,鸮形目,Strigidae,鸱鸮科,Taenioptynx,领鸺鹠属,领鸺鹠属,未改动,,,,,1,领鸺鹠 (Taenioptynx brodiei)
Strigiformes,鸮形目,Tytonidae,仓鸮科,Phodilus,栗鸮属,栗鸮属,未改动,,,,,1,栗鸮 (Phodilus badius)
Suliformes,鲣鸟目,Anhingidae,蛇鹈科,Anhinga,蛇鹈属,蛇鹈属,未改动,,,,,1,黑腹蛇鹈 (Anhinga melanogaster)
