status,Genus,Suggested Chinese genus name,Shared suffix,CBR species count,Example species,Method
accepted,Abroscopus,鹟莺属,鹟莺,3,黄腹鹟莺 (Abroscopus superciliaris); 棕脸鹟莺 (Abroscopus albogularis); 黑脸鹟莺 (Abroscopus schisticeps),common Chinese species-name suffix; minimum 2 CBR species and suffix length >= 2
not_used,Acanthis,,白腰朱顶雀,1,白腰朱顶雀 (Acanthis flammea),common Chinese species-name suffix; minimum 2 CBR species and suffix length >= 2
not_used,Accipiter,,雀鹰,1,雀鹰 (Accipiter nisus),common Chinese species-name suffix; minimum 2 CBR species and suffix length >= 2
not_used,Aceros,,棕颈犀鸟,1,棕颈犀鸟 (Aceros nipalensis),common Chinese species-name suffix; minimum 2 CBR species and suffix length >= 2
not_used,Acridotheres,,,5,林八哥 (Acridotheres grandis); 八哥 (Acridotheres cristatellus); 白领八哥 (Acridotheres albocinctus); 家八哥 (Acridotheres tristis); 红嘴椋鸟 (Acridotheres burmannicus),common Chinese species-name suffix; minimum 2 CBR species and suffix length >= 2
accepted,Acrocephalus,苇莺属,苇莺,12,大苇莺 (Acrocephalus arundinaceus); 东方大苇莺 (Acrocephalus orientalis); 噪大苇莺 (Acrocephalus stentoreus); 黑眉苇莺 (Acrocephalus bistrigiceps); 须苇莺 (Acrocephalus melanopogon); 水蒲苇莺 (Acrocephalus schoenobaenus); 细纹苇莺 (Acrocephalus sorghophilus); 钝翅苇莺 (Acrocephalus concinens),common Chinese species-name suffix; minimum 2 CBR species and suffix length >= 2
not_used,Actinodura,,鹛,8,纹头斑翅鹛 (Actinodura nipalensis); 台湾斑翅鹛 (Actinodura morrisoniana); 纹胸斑翅鹛 (Actinodura waldeni); 灰头斑翅鹛 (Actinodura souliei); 蓝翅希鹛 (Actinodura cyanouroptera); 斑喉希鹛 (Actinodura strigula); 锈额斑翅鹛 (Actinodura egertoni); 白眶斑翅鹛 (Actinodura ramsayi),common Chinese species-name suffix; minimum 2 CBR species and suffix length >= 2
not_used,Actitis,,矶鹬,1,矶鹬 (Actitis hypoleucos),common Chinese species-name suffix; minimum 2 CBR species and suffix length >= 2
accepted,Aegithalos,长尾山雀属,长尾山雀,5,北长尾山雀 (Aegithalos caudatus); 银喉长尾山雀 (Aegithalos glaucogularis); 红头长尾山雀 (Aegithalos concinnus); 黑眉长尾山雀 (Aegithalos iouschistos); 银脸长尾山雀 (Aegithalos fuliginosus),common Chinese species-name suffix; minimum 2 CBR species and suffix length >= 2
accepted,Aegithina,雀鹎属,雀鹎,2,黑翅雀鹎 (Aegithina tiphia); 大绿雀鹎 (Aegithina lafresnayei),common Chinese species-name suffix; minimum 2 CBR species and suffix length >= 2
not_used,Aegolius,,鬼鸮,1,鬼鸮 (Aegolius funereus),common Chinese species-name suffix; minimum 2 CBR species and suffix length >= 2
not_used,Aegypius,,秃鹫,1,秃鹫 (Aegypius monachus),common Chinese species-name suffix; minimum 2 CBR species and suffix length >= 2
accepted,Aerodramus,金丝燕属,金丝燕,2,短嘴金丝燕 (Aerodramus brevirostris); 爪哇金丝燕 (Aerodramus fuciphagus),common Chinese species-name suffix; minimum 2 CBR species and suffix length >= 2
accepted,Aethopyga,太阳鸟属,太阳鸟,6,蓝喉太阳鸟 (Aethopyga gouldiae); 绿喉太阳鸟 (Aethopyga nipalensis); 叉尾太阳鸟 (Aethopyga christinae); 黑胸太阳鸟 (Aethopyga saturata); 黄腰太阳鸟 (Aethopyga siparaja); 火尾太阳鸟 (Aethopyga ignicauda),common Chinese species-name suffix; minimum 2 CBR species and suffix length >= 2
not_used,Agraphospiza,,赤朱雀,1,赤朱雀 (Agraphospiza rubescens),common Chinese species-name suffix; minimum 2 CBR species and suffix length >= 2
accepted,Agropsar,椋鸟属,椋鸟,2,北椋鸟 (Agropsar sturninus); 紫背椋鸟 (Agropsar philippensis),common Chinese species-name suffix; minimum 2 CBR species and suffix length >= 2
not_used,Aix,,鸳鸯,1,鸳鸯 (Aix galericulata),common Chinese species-name suffix; minimum 2 CBR species and suffix length >= 2
accepted,Alauda,云雀属,云雀,3,白翅云雀 (Alauda leucoptera); 小云雀 (Alauda gulgula); 云雀 (Alauda arvensis),common Chinese species-name suffix; minimum 2 CBR species and suffix length >= 2
accepted,Alaudala,短趾百灵属,短趾百灵,2,亚洲短趾百灵 (Alaudala cheleensis); 中亚短趾百灵 (Alaudala heinei),common Chinese species-name suffix; minimum 2 CBR species and suffix length >= 2
accepted,Alcedo,翠鸟属,翠鸟,3,蓝耳翠鸟 (Alcedo meninting); 普通翠鸟 (Alcedo atthis); 斑头大翠鸟 (Alcedo hercules),common Chinese species-name suffix; minimum 2 CBR species and suffix length >= 2
accepted,Alcippe,雀鹛属,雀鹛,6,褐脸雀鹛 (Alcippe poioicephala); 台湾雀鹛 (Alcippe morrisonia); 灰眶雀鹛 (Alcippe davidi); 云南雀鹛 (Alcippe fratercula); 淡眉雀鹛 (Alcippe hueti); 白眶雀鹛 (Alcippe nipalensis),common Chinese species-name suffix; minimum 2 CBR species and suffix length >= 2
not_used,Alcurus,,纵纹绿鹎,1,纵纹绿鹎 (Alcurus striatus),common Chinese species-name suffix; minimum 2 CBR species and suffix length >= 2
accepted,Alectoris,石鸡属,石鸡,2,石鸡 (Alectoris chukar); 大石鸡 (Alectoris magna),common Chinese species-name suffix; minimum 2 CBR species and suffix length >= 2
accepted,Alophoixus,冠鹎属,冠鹎,2,黄腹冠鹎 (Alophoixus flaveolus); 白喉冠鹎 (Alophoixus pallidus),common Chinese species-name suffix; minimum 2 CBR species and suffix length >= 2
not_used,Amandava,,红梅花雀,1,红梅花雀 (Amandava amandava),common Chinese species-name suffix; minimum 2 CBR species and suffix length >= 2
not_used,Amaurornis,,白胸苦恶鸟,1,白胸苦恶鸟 (Amaurornis phoenicurus),common Chinese species-name suffix; minimum 2 CBR species and suffix length >= 2
not_used,Ampeliceps,,金冠树八哥,1,金冠树八哥 (Ampeliceps coronatus),common Chinese species-name suffix; minimum 2 CBR species and suffix length >= 2
not_used,Anarhynchus,,鸻,7,红胸鸻 (Anarhynchus asiaticus); 东方鸻 (Anarhynchus veredus); 青藏沙鸻 (Anarhynchus atrifrons); 蒙古沙鸻 (Anarhynchus mongolus); 铁嘴沙鸻 (Anarhynchus leschenaultii); 环颈鸻 (Anarhynchus alexandrinus); 白脸鸻 (Anarhynchus dealbatus),common Chinese species-name suffix; minimum 2 CBR species and suffix length >= 2
not_used,Anas,,鸭,6,棕颈鸭 (Anas luzonica); 印缅斑嘴鸭 (Anas poecilorhyncha); 斑嘴鸭 (Anas zonorhyncha); 绿头鸭 (Anas platyrhynchos); 针尾鸭 (Anas acuta); 美洲绿翅鸭 (Anas crecca),common Chinese species-name suffix; minimum 2 CBR species and suffix length >= 2
not_used,Anastomus,,钳嘴鹳,1,钳嘴鹳 (Anastomus oscitans),common Chinese species-name suffix; minimum 2 CBR species and suffix length >= 2
not_used,Anhinga,,黑腹蛇鹈,1,黑腹蛇鹈 (Anhinga melanogaster),common Chinese species-name suffix; minimum 2 CBR species and suffix length >= 2
not_used,Anorrhinus,,白喉犀鸟,1,白喉犀鸟 (Anorrhinus austeni),common Chinese species-name suffix; minimum 2 CBR species and suffix length >= 2
accepted,Anous,玄燕鸥属,玄燕鸥,2,白顶玄燕鸥 (Anous stolidus); 玄燕鸥 (Anous minutus),common Chinese species-name suffix; minimum 2 CBR species and suffix length >= 2
not_used,Anser,,雁,8,斑头雁 (Anser indicus); 雪雁 (Anser caerulescens); 灰雁 (Anser anser); 鸿雁 (Anser cygnoides); 豆雁 (Anser fabalis); 短嘴豆雁 (Anser serrirostris); 白额雁 (Anser albifrons); 小白额雁 (Anser erythropus),common Chinese species-name suffix; minimum 2 CBR species and suffix length >= 2
not_used,Anthipes,,白喉姬鹟,1,白喉姬鹟 (Anthipes monileger),common Chinese species-name suffix; minimum 2 CBR species and suffix length >= 2
not_used,Anthracoceros,,冠斑犀鸟,1,冠斑犀鸟 (Anthracoceros albirostris),common Chinese species-name suffix; minimum 2 CBR species and suffix length >= 2
not_used,Anthreptes,,褐喉食蜜鸟,1,褐喉食蜜鸟 (Anthreptes malacensis),common Chinese species-name suffix; minimum 2 CBR species and suffix length >= 2
not_used,Anthus,,鹨,13,理氏鹨 (Anthus richardi); 田鹨 (Anthus rufulus); 布氏鹨 (Anthus godlewskii); 平原鹨 (Anthus campestris); 草地鹨 (Anthus pratensis); 林鹨 (Anthus trivialis); 树鹨 (Anthus hodgsoni); 北鹨 (Anthus gustavi),common Chinese species-name suffix; minimum 2 CBR species and suffix length >= 2
not_used,Antigone,,鹤,3,沙丘鹤 (Antigone canadensis); 白枕鹤 (Antigone vipio); 赤颈鹤 (Antigone antigone),common Chinese species-name suffix; minimum 2 CBR species and suffix length >= 2
not_used,Aplonis,,亚洲辉椋鸟,1,亚洲辉椋鸟 (Aplonis panayensis),common Chinese species-name suffix; minimum 2 CBR species and suffix length >= 2
accepted,Apus,雨燕属,雨燕,4,普通雨燕 (Apus apus); 白腰雨燕 (Apus pacificus); 暗背雨燕 (Apus acuticauda); 小白腰雨燕 (Apus nipalensis),common Chinese species-name suffix; minimum 2 CBR species and suffix length >= 2
not_used,Aquila,,雕,4,草原雕 (Aquila nipalensis); 白肩雕 (Aquila heliaca); 金雕 (Aquila chrysaetos); 白腹隼雕 (Aquila fasciata),common Chinese species-name suffix; minimum 2 CBR species and suffix length >= 2
accepted,Arachnothera,捕蛛鸟属,捕蛛鸟,2,长嘴捕蛛鸟 (Arachnothera longirostra); 纹背捕蛛鸟 (Arachnothera magna),common Chinese species-name suffix; minimum 2 CBR species and suffix length >= 2
accepted,Arborophila,山鹧鸪属,山鹧鸪,9,环颈山鹧鸪 (Arborophila torqueola); 四川山鹧鸪 (Arborophila rufipectus); 红胸山鹧鸪 (Arborophila mandellii); 白眉山鹧鸪 (Arborophila gingica); 红喉山鹧鸪 (Arborophila rufogularis); 海南山鹧鸪 (Arborophila ardens); 台湾山鹧鸪 (Arborophila crudigularis); 白颊山鹧鸪 (Arborophila atrogularis),common Chinese species-name suffix; minimum 2 CBR species and suffix length >= 2
not_used,Ardea,,鹭,6,大白鹭 (Ardea alba); 中白鹭 (Ardea intermedia); 牛背鹭 (Ardea coromanda); 苍鹭 (Ardea cinerea); 草鹭 (Ardea purpurea); 白腹鹭 (Ardea insignis),common Chinese species-name suffix; minimum 2 CBR species and suffix length >= 2
not_used,Ardenna,,鹱,4,楔尾鹱 (Ardenna pacifica); 灰鹱 (Ardenna grisea); 短尾鹱 (Ardenna tenuirostris); 淡足鹱 (Ardenna carneipes),common Chinese species-name suffix; minimum 2 CBR species and suffix length >= 2
accepted,Ardeola,池鹭属,池鹭,3,印度池鹭 (Ardeola grayii); 池鹭 (Ardeola bacchus); 爪哇池鹭 (Ardeola speciosa),common Chinese species-name suffix; minimum 2 CBR species and suffix length >= 2
not_used,Arenaria,,翻石鹬,1,翻石鹬 (Arenaria interpres),common Chinese species-name suffix; minimum 2 CBR species and suffix length >= 2
not_used,Artamus,,灰燕鵙,1,灰燕鵙 (Artamus fuscus),common Chinese species-name suffix; minimum 2 CBR species and suffix length >= 2
not_used,Arundinax,,厚嘴苇莺,1,厚嘴苇莺 (Arundinax aedon),common Chinese species-name suffix; minimum 2 CBR species and suffix length >= 2
not_used,Asarcornis,,白翅栖鸭,1,白翅栖鸭 (Asarcornis scutulata),common Chinese species-name suffix; minimum 2 CBR species and suffix length >= 2
accepted,Asio,耳鸮属,耳鸮,2,长耳鸮 (Asio otus); 短耳鸮 (Asio flammeus),common Chinese species-name suffix; minimum 2 CBR species and suffix length >= 2
not_used,Astur,,苍鹰,1,苍鹰 (Astur gentilis),common Chinese species-name suffix; minimum 2 CBR species and suffix length >= 2
accepted,Athene,腹小鸮属,腹小鸮,2,横斑腹小鸮 (Athene brama); 纵纹腹小鸮 (Athene noctua),common Chinese species-name suffix; minimum 2 CBR species and suffix length >= 2
accepted,Aviceda,冠鹃隼属,冠鹃隼,2,褐冠鹃隼 (Aviceda jerdoni); 黑冠鹃隼 (Aviceda leuphotes),common Chinese species-name suffix; minimum 2 CBR species and suffix length >= 2
accepted,Aythya,潜鸭属,潜鸭,8,帆背潜鸭 (Aythya valisineria); 红头潜鸭 (Aythya ferina); 青头潜鸭 (Aythya baeri); 白眼潜鸭 (Aythya nyroca); 环颈潜鸭 (Aythya collaris); 凤头潜鸭 (Aythya fuligula); 斑背潜鸭 (Aythya marila); 小潜鸭 (Aythya affinis),common Chinese species-name suffix; minimum 2 CBR species and suffix length >= 2
accepted,Bambusicola,竹鸡属,竹鸡,3,棕胸竹鸡 (Bambusicola fytchii); 灰胸竹鸡 (Bambusicola thoracicus); 台湾竹鸡 (Bambusicola sonorivox),common Chinese species-name suffix; minimum 2 CBR species and suffix length >= 2
not_used,Batrachostomus,,黑顶蟆口鸱,1,黑顶蟆口鸱 (Batrachostomus hodgsoni),common Chinese species-name suffix; minimum 2 CBR species and suffix length >= 2
not_used,Blythipicus,,黄嘴栗啄木鸟,1,黄嘴栗啄木鸟 (Blythipicus pyrrhotis),common Chinese species-name suffix; minimum 2 CBR species and suffix length >= 2
accepted,Bombycilla,太平鸟属,太平鸟,2,太平鸟 (Bombycilla garrulus); 小太平鸟 (Bombycilla japonica),common Chinese species-name suffix; minimum 2 CBR species and suffix length >= 2
not_used,Botaurus,,鳽,6,大麻鳽 (Botaurus stellaris); 黑鳽 (Botaurus flavicollis); 栗苇鳽 (Botaurus cinnamomeus); 紫背苇鳽 (Botaurus eurhythmus); 小苇鳽 (Botaurus minutus); 黄苇鳽 (Botaurus sinensis),common Chinese species-name suffix; minimum 2 CBR species and suffix length >= 2
accepted,Brachypteryx,短翅鸫属,短翅鸫,5,喜山短翅鸫 (Brachypteryx cruralis); 中华短翅鸫 (Brachypteryx sinensis); 台湾短翅鸫 (Brachypteryx goodfellowi); 锈腹短翅鸫 (Brachypteryx hyperythra); 白喉短翅鸫 (Brachypteryx leucophris),common Chinese species-name suffix; minimum 2 CBR species and suffix length >= 2
not_used,Brachyramphus,,长嘴斑海雀,1,长嘴斑海雀 (Brachyramphus perdix),common Chinese species-name suffix; minimum 2 CBR species and suffix length >= 2
accepted,Branta,黑雁属,黑雁,5,黑雁 (Branta bernicla); 红胸黑雁 (Branta ruficollis); 加拿大黑雁 (Branta canadensis); 白颊黑雁 (Branta leucopsis); 小美洲黑雁 (Branta hutchinsii),common Chinese species-name suffix; minimum 2 CBR species and suffix length >= 2
not_used,Bubo,,鸮,2,雪鸮 (Bubo scandiacus); 雕鸮 (Bubo bubo),common Chinese species-name suffix; minimum 2 CBR species and suffix length >= 2
not_used,Bucanetes,,蒙古沙雀,1,蒙古沙雀 (Bucanetes mongolicus),common Chinese species-name suffix; minimum 2 CBR species and suffix length >= 2
not_used,Bucephala,,鹊鸭,1,鹊鸭 (Bucephala clangula),common Chinese species-name suffix; minimum 2 CBR species and suffix length >= 2
not_used,Buceros,,双角犀鸟,1,双角犀鸟 (Buceros bicornis),common Chinese species-name suffix; minimum 2 CBR species and suffix length >= 2
not_used,Bulweria,,褐燕鹱,1,褐燕鹱 (Bulweria bulwerii),common Chinese species-name suffix; minimum 2 CBR species and suffix length >= 2
not_used,Burhinus,,石鸻,1,石鸻 (Burhinus oedicnemus),common Chinese species-name suffix; minimum 2 CBR species and suffix length >= 2
accepted,Butastur,鵟鹰属,鵟鹰,3,白眼鵟鹰 (Butastur teesa); 棕翅鵟鹰 (Butastur liventer); 灰脸鵟鹰 (Butastur indicus),common Chinese species-name suffix; minimum 2 CBR species and suffix length >= 2
not_used,Buteo,,鵟,6,毛脚鵟 (Buteo lagopus); 大鵟 (Buteo hemilasius); 普通鵟 (Buteo japonicus); 喜山鵟 (Buteo refectus); 棕尾鵟 (Buteo rufinus); 欧亚鵟 (Buteo buteo),common Chinese species-name suffix; minimum 2 CBR species and suffix length >= 2
not_used,Butorides,,绿鹭,1,绿鹭 (Butorides striata),common Chinese species-name suffix; minimum 2 CBR species and suffix length >= 2
accepted,Cacomantis,杜鹃属,杜鹃,2,栗斑杜鹃 (Cacomantis sonneratii); 八声杜鹃 (Cacomantis merulinus),common Chinese species-name suffix; minimum 2 CBR species and suffix length >= 2
accepted,Calandrella,短趾百灵属,短趾百灵,3,细嘴短趾百灵 (Calandrella acutirostris); 蒙古短趾百灵 (Calandrella dukhunensis); 大短趾百灵 (Calandrella brachydactyla),common Chinese species-name suffix; minimum 2 CBR species and suffix length >= 2
not_used,Calcarius,,铁爪鹀,1,铁爪鹀 (Calcarius lapponicus),common Chinese species-name suffix; minimum 2 CBR species and suffix length >= 2
not_used,Calidris,,鹬,20,大滨鹬 (Calidris tenuirostris); 红腹滨鹬 (Calidris canutus); 流苏鹬 (Calidris pugnax); 阔嘴鹬 (Calidris falcinellus); 尖尾滨鹬 (Calidris acuminata); 高跷鹬 (Calidris himantopus); 弯嘴滨鹬 (Calidris ferruginea); 青脚滨鹬 (Calidris temminckii),common Chinese species-name suffix; minimum 2 CBR species and suffix length >= 2
not_used,Callacanthis,,红眉金翅雀,1,红眉金翅雀 (Callacanthis burtoni),common Chinese species-name suffix; minimum 2 CBR species and suffix length >= 2
accepted,Calliope,歌鸲属,歌鸲,5,黑喉歌鸲 (Calliope obscura); 金胸歌鸲 (Calliope pectardens); 红喉歌鸲 (Calliope calliope); 黑胸歌鸲 (Calliope pectoralis); 白须黑胸歌鸲 (Calliope tschebaiewi),common Chinese species-name suffix; minimum 2 CBR species and suffix length >= 2
not_used,Calonectris,,白额鹱,1,白额鹱 (Calonectris leucomelas),common Chinese species-name suffix; minimum 2 CBR species and suffix length >= 2
accepted,Caprimulgus,夜鹰属,夜鹰,5,普通夜鹰 (Caprimulgus jotaka); 欧夜鹰 (Caprimulgus europaeus); 埃及夜鹰 (Caprimulgus aegyptius); 长尾夜鹰 (Caprimulgus macrurus); 林夜鹰 (Caprimulgus affinis),common Chinese species-name suffix; minimum 2 CBR species and suffix length >= 2
not_used,Carduelis,,红额金翅雀,1,红额金翅雀 (Carduelis carduelis),common Chinese species-name suffix; minimum 2 CBR species and suffix length >= 2
not_used,Carpodacus,,雀,25,普通朱雀 (Carpodacus erythrinus); 血雀 (Carpodacus sipahi); 拟大朱雀 (Carpodacus rubicilloides); 大朱雀 (Carpodacus rubicilla); 喜山红腰朱雀 (Carpodacus grandis); 红腰朱雀 (Carpodacus rhodochlamys); 红眉朱雀 (Carpodacus pulcherrimus); 中华朱雀 (Carpodacus davidianus),common Chinese species-name suffix; minimum 2 CBR species and suffix length >= 2
not_used,Cecropis,,金腰燕,1,金腰燕 (Cecropis daurica),common Chinese species-name suffix; minimum 2 CBR species and suffix length >= 2
accepted,Centropus,鸦鹃属,鸦鹃,2,褐翅鸦鹃 (Centropus sinensis); 小鸦鹃 (Centropus bengalensis),common Chinese species-name suffix; minimum 2 CBR species and suffix length >= 2
not_used,Cephalopyrus,,火冠雀,1,火冠雀 (Cephalopyrus flammiceps),common Chinese species-name suffix; minimum 2 CBR species and suffix length >= 2
not_used,Cercotrichas,,棕薮鸲,1,棕薮鸲 (Cercotrichas galactotes),common Chinese species-name suffix; minimum 2 CBR species and suffix length >= 2
not_used,Cerorhinca,,角嘴海雀,1,角嘴海雀 (Cerorhinca monocerata),common Chinese species-name suffix; minimum 2 CBR species and suffix length >= 2
accepted,Certhia,旋木雀属,旋木雀,7,旋木雀 (Certhia familiaris); 霍氏旋木雀 (Certhia hodgsoni); 高山旋木雀 (Certhia himalayana); 锈红腹旋木雀 (Certhia nipalensis); 褐喉旋木雀 (Certhia discolor); 休氏旋木雀 (Certhia manipurensis); 四川旋木雀 (Certhia tianquanensis),common Chinese species-name suffix; minimum 2 CBR species and suffix length >= 2
not_used,Ceryle,,斑鱼狗,1,斑鱼狗 (Ceryle rudis),common Chinese species-name suffix; minimum 2 CBR species and suffix length >= 2
not_used,Cettia,,莺,4,宽尾树莺 (Cettia cetti); 大树莺 (Cettia major); 棕顶树莺 (Cettia brunnifrons); 栗头地莺 (Cettia castaneocoronata),common Chinese species-name suffix; minimum 2 CBR species and suffix length >= 2
not_used,Ceyx,,三趾翠鸟,1,三趾翠鸟 (Ceyx erithaca),common Chinese species-name suffix; minimum 2 CBR species and suffix length >= 2
not_used,Chalcoparia,,紫颊直嘴太阳鸟,1,紫颊直嘴太阳鸟 (Chalcoparia singalensis),common Chinese species-name suffix; minimum 2 CBR species and suffix length >= 2
not_used,Chalcophaps,,绿翅金鸠,1,绿翅金鸠 (Chalcophaps indica),common Chinese species-name suffix; minimum 2 CBR species and suffix length >= 2
not_used,Charadrius,,剑鸻,1,剑鸻 (Charadrius hiaticula),common Chinese species-name suffix; minimum 2 CBR species and suffix length >= 2
not_used,Chelidorhynx,,黄腹扇尾鹟,1,黄腹扇尾鹟 (Chelidorhynx hypoxanthus),common Chinese species-name suffix; minimum 2 CBR species and suffix length >= 2
not_used,Chlamydotis,,波斑鸨,1,波斑鸨 (Chlamydotis macqueenii),common Chinese species-name suffix; minimum 2 CBR species and suffix length >= 2
accepted,Chlidonias,浮鸥属,浮鸥,3,须浮鸥 (Chlidonias hybrida); 黑浮鸥 (Chlidonias niger); 白翅浮鸥 (Chlidonias leucopterus),common Chinese species-name suffix; minimum 2 CBR species and suffix length >= 2
accepted,Chloris,金翅雀属,金翅雀,4,欧金翅雀 (Chloris chloris); 金翅雀 (Chloris sinica); 高山金翅雀 (Chloris spinoides); 黑头金翅雀 (Chloris ambigua),common Chinese species-name suffix; minimum 2 CBR species and suffix length >= 2
accepted,Chloropsis,叶鹎属,叶鹎,3,蓝翅叶鹎 (Chloropsis moluccensis); 金额叶鹎 (Chloropsis aurifrons); 黄冠橙腹叶鹎 (Chloropsis hardwickii),common Chinese species-name suffix; minimum 2 CBR species and suffix length >= 2
not_used,Chroicocephalus,,鸥,4,细嘴鸥 (Chroicocephalus genei); 澳洲红嘴鸥 (Chroicocephalus novaehollandiae); 红嘴鸥 (Chroicocephalus ridibundus); 棕头鸥 (Chroicocephalus brunnicephalus),common Chinese species-name suffix; minimum 2 CBR species and suffix length >= 2
accepted,Chrysococcyx,金鹃属,金鹃,2,翠金鹃 (Chrysococcyx maculatus); 紫金鹃 (Chrysococcyx xanthorhynchus),common Chinese species-name suffix; minimum 2 CBR species and suffix length >= 2
not_used,Chrysocolaptes,,大金背啄木鸟,1,大金背啄木鸟 (Chrysocolaptes guttacristatus),common Chinese species-name suffix; minimum 2 CBR species and suffix length >= 2
accepted,Chrysolophus,腹锦鸡属,腹锦鸡,2,红腹锦鸡 (Chrysolophus pictus); 白腹锦鸡 (Chrysolophus amherstiae),common Chinese species-name suffix; minimum 2 CBR species and suffix length >= 2
not_used,Chrysomma,,金眼鹛雀,1,金眼鹛雀 (Chrysomma sinense),common Chinese species-name suffix; minimum 2 CBR species and suffix length >= 2
not_used,Chrysophlegma,,大黄冠啄木鸟,1,大黄冠啄木鸟 (Chrysophlegma flavinucha),common Chinese species-name suffix; minimum 2 CBR species and suffix length >= 2
not_used,Ciconia,,鹳,4,白颈鹳 (Ciconia episcopus); 黑鹳 (Ciconia nigra); 白鹳 (Ciconia ciconia); 东方白鹳 (Ciconia boyciana),common Chinese species-name suffix; minimum 2 CBR species and suffix length >= 2
not_used,Cinclidium,,蓝额长脚地鸲,1,蓝额长脚地鸲 (Cinclidium frontale),common Chinese species-name suffix; minimum 2 CBR species and suffix length >= 2
accepted,Cinclus,河乌属,河乌,2,河乌 (Cinclus cinclus); 褐河乌 (Cinclus pallasii),common Chinese species-name suffix; minimum 2 CBR species and suffix length >= 2
accepted,Cinnyris,花蜜鸟属,花蜜鸟,2,紫色花蜜鸟 (Cinnyris asiaticus); 黄腹花蜜鸟 (Cinnyris jugularis),common Chinese species-name suffix; minimum 2 CBR species and suffix length >= 2
not_used,Circaetus,,短趾雕,1,短趾雕 (Circaetus gallicus),common Chinese species-name suffix; minimum 2 CBR species and suffix length >= 2
not_used,Circus,,鹞,6,白头鹞 (Circus aeruginosus); 白腹鹞 (Circus spilonotus); 白尾鹞 (Circus cyaneus); 草原鹞 (Circus macrourus); 鹊鹞 (Circus melanoleucos); 乌灰鹞 (Circus pygargus),common Chinese species-name suffix; minimum 2 CBR species and suffix length >= 2
accepted,Cissa,绿鹊属,绿鹊,2,蓝绿鹊 (Cissa chinensis); 印支绿鹊 (Cissa hypoleuca),common Chinese species-name suffix; minimum 2 CBR species and suffix length >= 2
accepted,Cisticola,扇尾莺属,扇尾莺,2,棕扇尾莺 (Cisticola juncidis); 金头扇尾莺 (Cisticola exilis),common Chinese species-name suffix; minimum 2 CBR species and suffix length >= 2
accepted,Clamator,翅凤头鹃属,翅凤头鹃,2,红翅凤头鹃 (Clamator coromandus); 斑翅凤头鹃 (Clamator jacobinus),common Chinese species-name suffix; minimum 2 CBR species and suffix length >= 2
not_used,Clanga,,乌雕,1,乌雕 (Clanga clanga),common Chinese species-name suffix; minimum 2 CBR species and suffix length >= 2
not_used,Clangula,,长尾鸭,1,长尾鸭 (Clangula hyemalis),common Chinese species-name suffix; minimum 2 CBR species and suffix length >= 2
not_used,Coccothraustes,,锡嘴雀,1,锡嘴雀 (Coccothraustes coccothraustes),common Chinese species-name suffix; minimum 2 CBR species and suffix length >= 2
accepted,Cochoa,宽嘴鸫属,宽嘴鸫,2,紫宽嘴鸫 (Cochoa purpurea); 绿宽嘴鸫 (Cochoa viridis),common Chinese species-name suffix; minimum 2 CBR species and suffix length >= 2
accepted,Coloeus,寒鸦属,寒鸦,2,寒鸦 (Coloeus monedula); 达乌里寒鸦 (Coloeus dauuricus),common Chinese species-name suffix; minimum 2 CBR species and suffix length >= 2
not_used,Columba,,鸽,11,原鸽 (Columba livia); 岩鸽 (Columba rupestris); 雪鸽 (Columba leuconota); 欧鸽 (Columba oenas); 中亚鸽 (Columba eversmanni); 斑尾林鸽 (Columba palumbus); 点斑林鸽 (Columba hodgsonii); 灰林鸽 (Columba pulchricollis),common Chinese species-name suffix; minimum 2 CBR species and suffix length >= 2
accepted,Copsychus,鹊鸲属,鹊鸲,2,鹊鸲 (Copsychus saularis); 白腰鹊鸲 (Copsychus malabaricus),common Chinese species-name suffix; minimum 2 CBR species and suffix length >= 2
accepted,Coracias,胸佛法僧属,胸佛法僧,2,棕胸佛法僧 (Coracias affinis); 蓝胸佛法僧 (Coracias garrulus),common Chinese species-name suffix; minimum 2 CBR species and suffix length >= 2
not_used,Coracina,,大鹃鵙,1,大鹃鵙 (Coracina javensis),common Chinese species-name suffix; minimum 2 CBR species and suffix length >= 2
not_used,Corvus,,鸦,6,家鸦 (Corvus splendens); 秃鼻乌鸦 (Corvus frugilegus); 小嘴乌鸦 (Corvus corone); 白颈鸦 (Corvus torquatus); 大嘴乌鸦 (Corvus macrorhynchos); 渡鸦 (Corvus corax),common Chinese species-name suffix; minimum 2 CBR species and suffix length >= 2
not_used,Coturnicops,,花田鸡,1,花田鸡 (Coturnicops exquisitus),common Chinese species-name suffix; minimum 2 CBR species and suffix length >= 2
accepted,Coturnix,鹌鹑属,鹌鹑,3,西鹌鹑 (Coturnix coturnix); 鹌鹑 (Coturnix japonica); 黑胸鹌鹑 (Coturnix coromandelica),common Chinese species-name suffix; minimum 2 CBR species and suffix length >= 2
not_used,Crex,,长脚秧鸡,1,长脚秧鸡 (Crex crex),common Chinese species-name suffix; minimum 2 CBR species and suffix length >= 2
accepted,Crossoptilon,马鸡属,马鸡,4,藏马鸡 (Crossoptilon harmani); 白马鸡 (Crossoptilon crossoptilon); 褐马鸡 (Crossoptilon mantchuricum); 蓝马鸡 (Crossoptilon auritum),common Chinese species-name suffix; minimum 2 CBR species and suffix length >= 2
accepted,Cuculus,杜鹃属,杜鹃,5,小杜鹃 (Cuculus poliocephalus); 四声杜鹃 (Cuculus micropterus); 中杜鹃 (Cuculus saturatus); 东方中杜鹃 (Cuculus optatus); 大杜鹃 (Cuculus canorus),common Chinese species-name suffix; minimum 2 CBR species and suffix length >= 2
not_used,Culicicapa,,方尾鹟,1,方尾鹟 (Culicicapa ceylonensis),common Chinese species-name suffix; minimum 2 CBR species and suffix length >= 2
accepted,Curruca,林莺属,林莺,5,横斑林莺 (Curruca nisoria); 白喉林莺 (Curruca curruca); 东歌林莺 (Curruca crassirostris); 亚洲漠地林莺 (Curruca nana); 灰白喉林莺 (Curruca communis),common Chinese species-name suffix; minimum 2 CBR species and suffix length >= 2
not_used,Cutia,,斑胁姬鹛,1,斑胁姬鹛 (Cutia nipalensis),common Chinese species-name suffix; minimum 2 CBR species and suffix length >= 2
not_used,Cyanistes,,灰蓝山雀,1,灰蓝山雀 (Cyanistes cyanus),common Chinese species-name suffix; minimum 2 CBR species and suffix length >= 2
accepted,Cyanoderma,穗鹛属,穗鹛,4,金头穗鹛 (Cyanoderma chrysaeum); 黑颏穗鹛 (Cyanoderma pyrrhops); 红头穗鹛 (Cyanoderma ruficeps); 红额穗鹛 (Cyanoderma rufifrons),common Chinese species-name suffix; minimum 2 CBR species and suffix length >= 2
not_used,Cyanopica,,灰喜鹊,1,灰喜鹊 (Cyanopica cyanus),common Chinese species-name suffix; minimum 2 CBR species and suffix length >= 2
accepted,Cyanoptila,蓝鹟属,蓝鹟,2,白腹蓝鹟 (Cyanoptila cyanomelana); 琉璃蓝鹟 (Cyanoptila cumatilis),common Chinese species-name suffix; minimum 2 CBR species and suffix length >= 2
accepted,Cygnus,天鹅属,天鹅,3,疣鼻天鹅 (Cygnus olor); 小天鹅 (Cygnus columbianus); 大天鹅 (Cygnus cygnus),common Chinese species-name suffix; minimum 2 CBR species and suffix length >= 2
not_used,Cyornis,,鹟,8,纯蓝仙鹟 (Cyornis unicolor); 中华仙鹟 (Cyornis glaucicomans); 蓝喉仙鹟 (Cyornis rubeculoides); 海南蓝仙鹟 (Cyornis hainanus); 白喉林鹟 (Cyornis brunneatus); 大蓝仙鹟 (Cyornis magnirostris); 山蓝仙鹟 (Cyornis whitei); 灰颊仙鹟 (Cyornis poliogenys),common Chinese species-name suffix; minimum 2 CBR species and suffix length >= 2
not_used,Cypsiurus,,棕雨燕,1,棕雨燕 (Cypsiurus balasiensis),common Chinese species-name suffix; minimum 2 CBR species and suffix length >= 2
accepted,Delichon,毛脚燕属,毛脚燕,4,西方毛脚燕 (Delichon urbicum); 白腹毛脚燕 (Delichon lagopodum); 烟腹毛脚燕 (Delichon dasypus); 黑喉毛脚燕 (Delichon nipalense),common Chinese species-name suffix; minimum 2 CBR species and suffix length >= 2
accepted,Dendrocitta,树鹊属,树鹊,3,棕腹树鹊 (Dendrocitta vagabunda); 灰树鹊 (Dendrocitta formosae); 黑额树鹊 (Dendrocitta frontalis),common Chinese species-name suffix; minimum 2 CBR species and suffix length >= 2
accepted,Dendrocopos,啄木鸟属,啄木鸟,7,棕腹啄木鸟 (Dendrocopos hyperythrus); 茶胸斑啄木鸟 (Dendrocopos macei); 纹胸啄木鸟 (Dendrocopos atratus); 黄颈啄木鸟 (Dendrocopos darjellensis); 白翅啄木鸟 (Dendrocopos leucopterus); 大斑啄木鸟 (Dendrocopos major); 白背啄木鸟 (Dendrocopos leucotos),common Chinese species-name suffix; minimum 2 CBR species and suffix length >= 2
not_used,Dendrocoptes,,褐额啄木鸟,1,褐额啄木鸟 (Dendrocoptes auriceps),common Chinese species-name suffix; minimum 2 CBR species and suffix length >= 2
not_used,Dendrocygna,,栗树鸭,1,栗树鸭 (Dendrocygna javanica),common Chinese species-name suffix; minimum 2 CBR species and suffix length >= 2
not_used,Dendronanthus,,山鹡鸰,1,山鹡鸰 (Dendronanthus indicus),common Chinese species-name suffix; minimum 2 CBR species and suffix length >= 2
accepted,Dicaeum,啄花鸟属,啄花鸟,3,纯色啄花鸟 (Dicaeum minullum); 红胸啄花鸟 (Dicaeum ignipectus); 朱背啄花鸟 (Dicaeum cruentatum),common Chinese species-name suffix; minimum 2 CBR species and suffix length >= 2
not_used,Dicrurus,,尾,7,古铜色卷尾 (Dicrurus aeneus); 小盘尾 (Dicrurus remifer); 鸦嘴卷尾 (Dicrurus annectens); 大盘尾 (Dicrurus paradiseus); 发冠卷尾 (Dicrurus hottentottus); 灰卷尾 (Dicrurus leucophaeus); 黑卷尾 (Dicrurus macrocercus),common Chinese species-name suffix; minimum 2 CBR species and suffix length >= 2
not_used,Dinopium,,金背三趾啄木鸟,1,金背三趾啄木鸟 (Dinopium javanense),common Chinese species-name suffix; minimum 2 CBR species and suffix length >= 2
accepted,Dryobates,啄木鸟属,啄木鸟,3,红枕啄木鸟 (Dryobates cathpharius); 赤胸啄木鸟 (Dryobates pernyii); 小斑啄木鸟 (Dryobates minor),common Chinese species-name suffix; minimum 2 CBR species and suffix length >= 2
accepted,Dryocopus,黑啄木鸟属,黑啄木鸟,2,白腹黑啄木鸟 (Dryocopus javensis); 黑啄木鸟 (Dryocopus martius),common Chinese species-name suffix; minimum 2 CBR species and suffix length >= 2
accepted,Ducula,皇鸠属,皇鸠,2,绿皇鸠 (Ducula aenea); 山皇鸠 (Ducula badia),common Chinese species-name suffix; minimum 2 CBR species and suffix length >= 2
not_used,Egretta,,鹭,5,岩鹭 (Egretta sacra); 黄嘴白鹭 (Egretta eulophotes); 白鹭 (Egretta garzetta); 斑鹭 (Egretta picata); 白脸鹭 (Egretta novaehollandiae),common Chinese species-name suffix; minimum 2 CBR species and suffix length >= 2
not_used,Elachura,,丽星鹩鹛,1,丽星鹩鹛 (Elachura formosa),common Chinese species-name suffix; minimum 2 CBR species and suffix length >= 2
not_used,Elanus,,黑翅鸢,1,黑翅鸢 (Elanus caeruleus),common Chinese species-name suffix; minimum 2 CBR species and suffix length >= 2
not_used,Emberiza,,鹀,30,凤头鹀 (Emberiza lathami); 蓝鹀 (Emberiza siemsseni); 黍鹀 (Emberiza calandra); 黄鹀 (Emberiza citrinella); 白头鹀 (Emberiza leucocephalos); 淡灰眉岩鹀 (Emberiza cia); 灰眉岩鹀 (Emberiza godlewskii); 三道眉草鹀 (Emberiza cioides),common Chinese species-name suffix; minimum 2 CBR species and suffix length >= 2
accepted,Enicurus,燕尾属,燕尾,5,小燕尾 (Enicurus scouleri); 黑背燕尾 (Enicurus immaculatus); 灰背燕尾 (Enicurus schistaceus); 斑背燕尾 (Enicurus maculatus); 白冠燕尾 (Enicurus leschenaulti),common Chinese species-name suffix; minimum 2 CBR species and suffix length >= 2
accepted,Eophona,蜡嘴雀属,蜡嘴雀,2,黑尾蜡嘴雀 (Eophona migratoria); 黑头蜡嘴雀 (Eophona personata),common Chinese species-name suffix; minimum 2 CBR species and suffix length >= 2
not_used,Eremophila,,角百灵,1,角百灵 (Eremophila alpestris),common Chinese species-name suffix; minimum 2 CBR species and suffix length >= 2
not_used,Erithacus,,欧亚鸲,1,欧亚鸲 (Erithacus rubecula),common Chinese species-name suffix; minimum 2 CBR species and suffix length >= 2
not_used,Erpornis,,白腹凤鹛,1,白腹凤鹛 (Erpornis zantholeuca),common Chinese species-name suffix; minimum 2 CBR species and suffix length >= 2
accepted,Erythrogenys,钩嘴鹛属,钩嘴鹛,5,长嘴钩嘴鹛 (Erythrogenys hypoleucos); 锈脸钩嘴鹛 (Erythrogenys erythrogenys); 斑胸钩嘴鹛 (Erythrogenys gravivox); 华南斑胸钩嘴鹛 (Erythrogenys swinhoei); 台湾斑胸钩嘴鹛 (Erythrogenys erythrocnemis),common Chinese species-name suffix; minimum 2 CBR species and suffix length >= 2
not_used,Erythrura,,长尾鹦雀,1,长尾鹦雀 (Erythrura prasina),common Chinese species-name suffix; minimum 2 CBR species and suffix length >= 2
not_used,Esacus,,大石鸻,1,大石鸻 (Esacus recurvirostris),common Chinese species-name suffix; minimum 2 CBR species and suffix length >= 2
not_used,Eudromias,,小嘴鸻,1,小嘴鸻 (Eudromias morinellus),common Chinese species-name suffix; minimum 2 CBR species and suffix length >= 2
not_used,Eudynamys,,噪鹃,1,噪鹃 (Eudynamys scolopaceus),common Chinese species-name suffix; minimum 2 CBR species and suffix length >= 2
not_used,Eumyias,,铜蓝鹟,1,铜蓝鹟 (Eumyias thalassinus),common Chinese species-name suffix; minimum 2 CBR species and suffix length >= 2
not_used,Eurystomus,,三宝鸟,1,三宝鸟 (Eurystomus orientalis),common Chinese species-name suffix; minimum 2 CBR species and suffix length >= 2
not_used,Falcipennis,,镰翅鸡,1,镰翅鸡 (Falcipennis falcipennis),common Chinese species-name suffix; minimum 2 CBR species and suffix length >= 2
not_used,Falco,,隼,10,黄爪隼 (Falco naumanni); 红隼 (Falco tinnunculus); 西红脚隼 (Falco vespertinus); 红脚隼 (Falco amurensis); 灰背隼 (Falco columbarius); 燕隼 (Falco subbuteo); 猛隼 (Falco severus); 猎隼 (Falco cherrug),common Chinese species-name suffix; minimum 2 CBR species and suffix length >= 2
accepted,Ficedula,姬鹟属,姬鹟,17,白眉姬鹟 (Ficedula zanthopygia); 绿背姬鹟 (Ficedula elisae); 黄眉姬鹟 (Ficedula narcissina); 琉球姬鹟 (Ficedula owstoni); 灰蓝姬鹟 (Ficedula tricolor); 棕胸蓝姬鹟 (Ficedula hyperythra); 鸲姬鹟 (Ficedula mugimaki); 锈胸蓝姬鹟 (Ficedula erithacus),common Chinese species-name suffix; minimum 2 CBR species and suffix length >= 2
not_used,Francolinus,,中华鹧鸪,1,中华鹧鸪 (Francolinus pintadeanus),common Chinese species-name suffix; minimum 2 CBR species and suffix length >= 2
accepted,Fregata,军舰鸟属,军舰鸟,3,白斑军舰鸟 (Fregata ariel); 黑腹军舰鸟 (Fregata minor); 白腹军舰鸟 (Fregata andrewsi),common Chinese species-name suffix; minimum 2 CBR species and suffix length >= 2
accepted,Fringilla,燕雀属,燕雀,2,苍头燕雀 (Fringilla coelebs); 燕雀 (Fringilla montifringilla),common Chinese species-name suffix; minimum 2 CBR species and suffix length >= 2
not_used,Fulica,,白骨顶,1,白骨顶 (Fulica atra),common Chinese species-name suffix; minimum 2 CBR species and suffix length >= 2
not_used,Fulmarus,,暴雪鹱,1,暴雪鹱 (Fulmarus glacialis),common Chinese species-name suffix; minimum 2 CBR species and suffix length >= 2
accepted,Fulvetta,雀鹛属,雀鹛,8,白眉雀鹛 (Fulvetta vinipectus); 中华雀鹛 (Fulvetta striaticollis); 棕头雀鹛 (Fulvetta ruficapilla); 中南雀鹛 (Fulvetta danisi); 路德雀鹛 (Fulvetta ludlowi); 灰头雀鹛 (Fulvetta cinereiceps); 褐头雀鹛 (Fulvetta manipurensis); 玉山雀鹛 (Fulvetta formosana),common Chinese species-name suffix; minimum 2 CBR species and suffix length >= 2
not_used,Galerida,,凤头百灵,1,凤头百灵 (Galerida cristata),common Chinese species-name suffix; minimum 2 CBR species and suffix length >= 2
not_used,Gallicrex,,董鸡,1,董鸡 (Gallicrex cinerea),common Chinese species-name suffix; minimum 2 CBR species and suffix length >= 2
accepted,Gallinago,沙锥属,沙锥,6,孤沙锥 (Gallinago solitaria); 林沙锥 (Gallinago nemoricola); 针尾沙锥 (Gallinago stenura); 大沙锥 (Gallinago megala); 拉氏沙锥 (Gallinago hardwickii); 扇尾沙锥 (Gallinago gallinago),common Chinese species-name suffix; minimum 2 CBR species and suffix length >= 2
not_used,Gallinula,,黑水鸡,1,黑水鸡 (Gallinula chloropus),common Chinese species-name suffix; minimum 2 CBR species and suffix length >= 2
not_used,Gallus,,红原鸡,1,红原鸡 (Gallus gallus),common Chinese species-name suffix; minimum 2 CBR species and suffix length >= 2
accepted,Gampsorhynchus,鵙鹛属,鵙鹛,2,白头鵙鹛 (Gampsorhynchus rufulus); 领鵙鹛 (Gampsorhynchus torquatus),common Chinese species-name suffix; minimum 2 CBR species and suffix length >= 2
not_used,Garrulax,,,8,斑胸噪鹛 (Garrulax merulinus); 画眉 (Garrulax canorus); 台湾画眉 (Garrulax taewanus); 小黑领噪鹛 (Garrulax monileger); 白冠噪鹛 (Garrulax leucolophus); 白颈噪鹛 (Garrulax strepitans); 褐胸噪鹛 (Garrulax maesi); 栗颊噪鹛 (Garrulax castanotis),common Chinese species-name suffix; minimum 2 CBR species and suffix length >= 2
not_used,Garrulus,,松鸦,1,松鸦 (Garrulus glandarius),common Chinese species-name suffix; minimum 2 CBR species and suffix length >= 2
accepted,Gavia,潜鸟属,潜鸟,4,红喉潜鸟 (Gavia stellata); 黑喉潜鸟 (Gavia arctica); 太平洋潜鸟 (Gavia pacifica); 黄嘴潜鸟 (Gavia adamsii),common Chinese species-name suffix; minimum 2 CBR species and suffix length >= 2
not_used,Gecinulus,,竹啄木鸟,1,竹啄木鸟 (Gecinulus grantia),common Chinese species-name suffix; minimum 2 CBR species and suffix length >= 2
not_used,Gelochelidon,,鸥嘴噪鸥,1,鸥嘴噪鸥 (Gelochelidon nilotica),common Chinese species-name suffix; minimum 2 CBR species and suffix length >= 2
accepted,Geokichla,地鸫属,地鸫,3,白眉地鸫 (Geokichla sibirica); 杂色地鸫 (Geokichla wardii); 橙头地鸫 (Geokichla citrina),common Chinese species-name suffix; minimum 2 CBR species and suffix length >= 2
not_used,Geopelia,,斑姬地鸠,1,斑姬地鸠 (Geopelia striata),common Chinese species-name suffix; minimum 2 CBR species and suffix length >= 2
accepted,Glareola,燕鸻属,燕鸻,4,灰燕鸻 (Glareola lactea); 普通燕鸻 (Glareola maldivarum); 黑翅燕鸻 (Glareola nordmanni); 领燕鸻 (Glareola pratincola),common Chinese species-name suffix; minimum 2 CBR species and suffix length >= 2
accepted,Glaucidium,头鸺鹠属,头鸺鹠,2,花头鸺鹠 (Glaucidium passerinum); 斑头鸺鹠 (Glaucidium cuculoides),common Chinese species-name suffix; minimum 2 CBR species and suffix length >= 2
not_used,Gorsachius,,鳽,2,黑冠鳽 (Gorsachius melanolophus); 栗鳽 (Gorsachius goisagi),common Chinese species-name suffix; minimum 2 CBR species and suffix length >= 2
not_used,Gracula,,鹩哥,1,鹩哥 (Gracula religiosa),common Chinese species-name suffix; minimum 2 CBR species and suffix length >= 2
accepted,Gracupica,椋鸟属,椋鸟,3,黑领椋鸟 (Gracupica nigricollis); 斑椋鸟 (Gracupica contra); 暹罗斑椋鸟 (Gracupica floweri),common Chinese species-name suffix; minimum 2 CBR species and suffix length >= 2
not_used,Graminicola,,中华草鹛,1,中华草鹛 (Graminicola striatus),common Chinese species-name suffix; minimum 2 CBR species and suffix length >= 2
not_used,Grammatoptila,,条纹噪鹛,1,条纹噪鹛 (Grammatoptila striata),common Chinese species-name suffix; minimum 2 CBR species and suffix length >= 2
not_used,Grandala,,蓝大翅鸲,1,蓝大翅鸲 (Grandala coelicolor),common Chinese species-name suffix; minimum 2 CBR species and suffix length >= 2
not_used,Grus,,鹤,5,蓑羽鹤 (Grus virgo); 丹顶鹤 (Grus japonensis); 灰鹤 (Grus grus); 白头鹤 (Grus monacha); 黑颈鹤 (Grus nigricollis),common Chinese species-name suffix; minimum 2 CBR species and suffix length >= 2
not_used,Gygis,,白燕鸥,1,白燕鸥 (Gygis alba),common Chinese species-name suffix; minimum 2 CBR species and suffix length >= 2
not_used,Gypaetus,,胡兀鹫,1,胡兀鹫 (Gypaetus barbatus),common Chinese species-name suffix; minimum 2 CBR species and suffix length >= 2
accepted,Gyps,兀鹫属,兀鹫,4,白背兀鹫 (Gyps bengalensis); 细嘴兀鹫 (Gyps tenuirostris); 高山兀鹫 (Gyps himalayensis); 兀鹫 (Gyps fulvus),common Chinese species-name suffix; minimum 2 CBR species and suffix length >= 2
accepted,Gypsophila,鹪鹛属,鹪鹛,2,短尾鹪鹛 (Gypsophila brevicaudata); 灰岩鹪鹛 (Gypsophila annamensis),common Chinese species-name suffix; minimum 2 CBR species and suffix length >= 2
not_used,Haematopus,,蛎鹬,1,蛎鹬 (Haematopus ostralegus),common Chinese species-name suffix; minimum 2 CBR species and suffix length >= 2
accepted,Halcyon,翡翠属,翡翠,3,赤翡翠 (Halcyon coromanda); 白胸翡翠 (Halcyon smyrnensis); 蓝翡翠 (Halcyon pileata),common Chinese species-name suffix; minimum 2 CBR species and suffix length >= 2
accepted,Haliaeetus,海雕属,海雕,3,虎头海雕 (Haliaeetus pelagicus); 玉带海雕 (Haliaeetus leucoryphus); 白尾海雕 (Haliaeetus albicilla),common Chinese species-name suffix; minimum 2 CBR species and suffix length >= 2
not_used,Haliastur,,栗鸢,1,栗鸢 (Haliastur indus),common Chinese species-name suffix; minimum 2 CBR species and suffix length >= 2
accepted,Harpactes,咬鹃属,咬鹃,3,橙胸咬鹃 (Harpactes oreskios); 红头咬鹃 (Harpactes erythrocephalus); 红腹咬鹃 (Harpactes wardi),common Chinese species-name suffix; minimum 2 CBR species and suffix length >= 2
not_used,Helopsaltes,,莺,6,库页岛蝗莺 (Helopsaltes amnicola); 苍眉蝗莺 (Helopsaltes fasciolatus); 斑背大尾莺 (Helopsaltes pryeri); 小蝗莺 (Helopsaltes certhiola); 东亚蝗莺 (Helopsaltes pleskei); 北蝗莺 (Helopsaltes ochotensis),common Chinese species-name suffix; minimum 2 CBR species and suffix length >= 2
not_used,Hemiprocne,,凤头雨燕,1,凤头雨燕 (Hemiprocne coronata),common Chinese species-name suffix; minimum 2 CBR species and suffix length >= 2
not_used,Hemipus,,褐背鹟鵙,1,褐背鹟鵙 (Hemipus picatus),common Chinese species-name suffix; minimum 2 CBR species and suffix length >= 2
not_used,Hemitesia,,淡脚树莺,1,淡脚树莺 (Hemitesia pallidipes),common Chinese species-name suffix; minimum 2 CBR species and suffix length >= 2
accepted,Hemixos,短脚鹎属,短脚鹎,2,灰短脚鹎 (Hemixos flavala); 栗背短脚鹎 (Hemixos castanonotus),common Chinese species-name suffix; minimum 2 CBR species and suffix length >= 2
accepted,Heterophasia,奇鹛属,奇鹛,6,长尾奇鹛 (Heterophasia picaoides); 白耳奇鹛 (Heterophasia auricularis); 黑顶奇鹛 (Heterophasia capistrata); 丽色奇鹛 (Heterophasia pulchella); 灰奇鹛 (Heterophasia gracilis); 黑头奇鹛 (Heterophasia desgodinsi),common Chinese species-name suffix; minimum 2 CBR species and suffix length >= 2
not_used,Heteroxenicus,,栗背短翅鸫,1,栗背短翅鸫 (Heteroxenicus stellatus),common Chinese species-name suffix; minimum 2 CBR species and suffix length >= 2
not_used,Hieraaetus,,靴隼雕,1,靴隼雕 (Hieraaetus pennatus),common Chinese species-name suffix; minimum 2 CBR species and suffix length >= 2
accepted,Hierococcyx,鹰鹃属,鹰鹃,4,大鹰鹃 (Hierococcyx sparverioides); 普通鹰鹃 (Hierococcyx varius); 北棕腹鹰鹃 (Hierococcyx hyperythrus); 棕腹鹰鹃 (Hierococcyx nisicolor),common Chinese species-name suffix; minimum 2 CBR species and suffix length >= 2
accepted,Himantopus,长脚鹬属,长脚鹬,2,黑翅长脚鹬 (Himantopus himantopus); 澳洲长脚鹬 (Himantopus leucocephalus),common Chinese species-name suffix; minimum 2 CBR species and suffix length >= 2
accepted,Hirundapus,针尾雨燕属,针尾雨燕,4,白喉针尾雨燕 (Hirundapus caudacutus); 灰喉针尾雨燕 (Hirundapus cochinchinensis); 褐背针尾雨燕 (Hirundapus giganteus); 紫针尾雨燕 (Hirundapus celebensis),common Chinese species-name suffix; minimum 2 CBR species and suffix length >= 2
not_used,Hirundo,,燕,3,洋燕 (Hirundo javanica); 家燕 (Hirundo rustica); 线尾燕 (Hirundo smithii),common Chinese species-name suffix; minimum 2 CBR species and suffix length >= 2
not_used,Histrionicus,,丑鸭,1,丑鸭 (Histrionicus histrionicus),common Chinese species-name suffix; minimum 2 CBR species and suffix length >= 2
accepted,Horornis,树莺属,树莺,6,日本树莺 (Horornis diphone); 远东树莺 (Horornis canturians); 强脚树莺 (Horornis fortipes); 喜山黄腹树莺 (Horornis brunnescens); 黄腹树莺 (Horornis acanthizoides); 异色树莺 (Horornis flavolivaceus),common Chinese species-name suffix; minimum 2 CBR species and suffix length >= 2
accepted,Hydrobates,叉尾海燕属,叉尾海燕,4,黑叉尾海燕 (Hydrobates monorhis); 白腰叉尾海燕 (Hydrobates leucorhous); 褐翅叉尾海燕 (Hydrobates tristrami); 日本叉尾海燕 (Hydrobates matsudairae),common Chinese species-name suffix; minimum 2 CBR species and suffix length >= 2
not_used,Hydrocoloeus,,小鸥,1,小鸥 (Hydrocoloeus minutus),common Chinese species-name suffix; minimum 2 CBR species and suffix length >= 2
not_used,Hydrophasianus,,水雉,1,水雉 (Hydrophasianus chirurgus),common Chinese species-name suffix; minimum 2 CBR species and suffix length >= 2
not_used,Hydroprogne,,红嘴巨燕鸥,1,红嘴巨燕鸥 (Hydroprogne caspia),common Chinese species-name suffix; minimum 2 CBR species and suffix length >= 2
accepted,Hydrornis,八色鸫属,八色鸫,5,双辫八色鸫 (Hydrornis phayrei); 栗头八色鸫 (Hydrornis oatesi); 蓝枕八色鸫 (Hydrornis nipalensis); 蓝背八色鸫 (Hydrornis soror); 蓝八色鸫 (Hydrornis cyaneus),common Chinese species-name suffix; minimum 2 CBR species and suffix length >= 2
not_used,Hypothymis,,黑枕王鹟,1,黑枕王鹟 (Hypothymis azurea),common Chinese species-name suffix; minimum 2 CBR species and suffix length >= 2
accepted,Hypsipetes,短脚鹎属,短脚鹎,2,栗耳短脚鹎 (Hypsipetes amaurotis); 黑短脚鹎 (Hypsipetes leucocephalus),common Chinese species-name suffix; minimum 2 CBR species and suffix length >= 2
accepted,Ianthocincla,噪鹛属,噪鹛,7,黑额山噪鹛 (Ianthocincla sukatschewi); 棕颏噪鹛 (Ianthocincla rufogularis); 灰翅噪鹛 (Ianthocincla cineracea); 眼纹噪鹛 (Ianthocincla ocellata); 大噪鹛 (Ianthocincla maxima); 白点噪鹛 (Ianthocincla bieti); 斑背噪鹛 (Ianthocincla lunulata),common Chinese species-name suffix; minimum 2 CBR species and suffix length >= 2
not_used,Ibidorhyncha,,鹮嘴鹬,1,鹮嘴鹬 (Ibidorhyncha struthersii),common Chinese species-name suffix; minimum 2 CBR species and suffix length >= 2
not_used,Ichthyaetus,,鸥,2,渔鸥 (Ichthyaetus ichthyaetus); 遗鸥 (Ichthyaetus relictus),common Chinese species-name suffix; minimum 2 CBR species and suffix length >= 2
not_used,Icthyophaga,,雕,2,白腹海雕 (Icthyophaga leucogaster); 渔雕 (Icthyophaga humilis),common Chinese species-name suffix; minimum 2 CBR species and suffix length >= 2
not_used,Ictinaetus,,林雕,1,林雕 (Ictinaetus malaiensis),common Chinese species-name suffix; minimum 2 CBR species and suffix length >= 2
accepted,Iduna,篱莺属,篱莺,3,靴篱莺 (Iduna caligata); 赛氏篱莺 (Iduna rama); 草绿篱莺 (Iduna pallida),common Chinese species-name suffix; minimum 2 CBR species and suffix length >= 2
not_used,Indicator,,黄腰响蜜䴕,1,黄腰响蜜䴕 (Indicator xanthonotus),common Chinese species-name suffix; minimum 2 CBR species and suffix length >= 2
not_used,Iole,,灰眼短脚鹎,1,灰眼短脚鹎 (Iole propinqua),common Chinese species-name suffix; minimum 2 CBR species and suffix length >= 2
not_used,Irena,,和平鸟,1,和平鸟 (Irena puella),common Chinese species-name suffix; minimum 2 CBR species and suffix length >= 2
not_used,Ithaginis,,血雉,1,血雉 (Ithaginis cruentus),common Chinese species-name suffix; minimum 2 CBR species and suffix length >= 2
not_used,Ixos,,绿翅短脚鹎,1,绿翅短脚鹎 (Ixos mcclellandii),common Chinese species-name suffix; minimum 2 CBR species and suffix length >= 2
not_used,Jynx,,蚁䴕,1,蚁䴕 (Jynx torquilla),common Chinese species-name suffix; minimum 2 CBR species and suffix length >= 2
not_used,Ketupa,,鸮,5,林雕鸮 (Ketupa nipalensis); 乌雕鸮 (Ketupa coromanda); 毛腿雕鸮 (Ketupa blakistoni); 褐渔鸮 (Ketupa zeylonensis); 黄腿渔鸮 (Ketupa flavipes),common Chinese species-name suffix; minimum 2 CBR species and suffix length >= 2
not_used,Kurochkinegramma,,蓝枕花蜜鸟,1,蓝枕花蜜鸟 (Kurochkinegramma hypogrammicum),common Chinese species-name suffix; minimum 2 CBR species and suffix length >= 2
accepted,Lagopus,雷鸟属,雷鸟,2,柳雷鸟 (Lagopus lagopus); 岩雷鸟 (Lagopus muta),common Chinese species-name suffix; minimum 2 CBR species and suffix length >= 2
accepted,Lalage,鹃鵙属,鹃鵙,2,黑鸣鹃鵙 (Lalage nigra); 暗灰鹃鵙 (Lalage melaschistos),common Chinese species-name suffix; minimum 2 CBR species and suffix length >= 2
accepted,Lanius,伯劳属,伯劳,15,西方灰伯劳 (Lanius excubitor); 青藏楔尾伯劳 (Lanius giganteus); 楔尾伯劳 (Lanius sphenocercus); 灰伯劳 (Lanius borealis); 黑额伯劳 (Lanius minor); 栗背伯劳 (Lanius collurioides); 虎纹伯劳 (Lanius tigrinus); 褐背伯劳 (Lanius vittatus),common Chinese species-name suffix; minimum 2 CBR species and suffix length >= 2
not_used,Larus,,鸥,10,黑尾鸥 (Larus crassirostris); 普通海鸥 (Larus canus); 美洲海鸥 (Larus brachyrhynchus); 环嘴鸥 (Larus delawarensis); 里海银鸥 (Larus cachinnans); 西伯利亚银鸥 (Larus vegae); 北极鸥 (Larus hyperboreus); 小黑背鸥 (Larus fuscus),common Chinese species-name suffix; minimum 2 CBR species and suffix length >= 2
accepted,Larvivora,歌鸲属,歌鸲,6,蓝歌鸲 (Larvivora cyane); 栗腹歌鸲 (Larvivora brunnea); 日本歌鸲 (Larvivora akahige); 琉球歌鸲 (Larvivora komadori); 红尾歌鸲 (Larvivora sibilans); 棕头歌鸲 (Larvivora ruficeps),common Chinese species-name suffix; minimum 2 CBR species and suffix length >= 2
not_used,Leioptila,,栗背奇鹛,1,栗背奇鹛 (Leioptila annectens),common Chinese species-name suffix; minimum 2 CBR species and suffix length >= 2
accepted,Leiothrix,相思鸟属,相思鸟,2,红嘴相思鸟 (Leiothrix lutea); 银耳相思鸟 (Leiothrix argentauris),common Chinese species-name suffix; minimum 2 CBR species and suffix length >= 2
accepted,Leptopoecile,雀莺属,雀莺,2,花彩雀莺 (Leptopoecile sophiae); 凤头雀莺 (Leptopoecile elegans),common Chinese species-name suffix; minimum 2 CBR species and suffix length >= 2
not_used,Leptoptilos,,秃鹳,1,秃鹳 (Leptoptilos javanicus),common Chinese species-name suffix; minimum 2 CBR species and suffix length >= 2
not_used,Lerwa,,雪鹑,1,雪鹑 (Lerwa lerwa),common Chinese species-name suffix; minimum 2 CBR species and suffix length >= 2
not_used,Leucogeranus,,白鹤,1,白鹤 (Leucogeranus leucogeranus),common Chinese species-name suffix; minimum 2 CBR species and suffix length >= 2
not_used,Leucophaeus,,鸥,2,笑鸥 (Leucophaeus atricilla); 弗氏鸥 (Leucophaeus pipixcan),common Chinese species-name suffix; minimum 2 CBR species and suffix length >= 2
not_used,Leucoptilon,,白尾蓝仙鹟,1,白尾蓝仙鹟 (Leucoptilon concretum),common Chinese species-name suffix; minimum 2 CBR species and suffix length >= 2
accepted,Leucosticte,岭雀属,岭雀,3,林岭雀 (Leucosticte nemoricola); 高山岭雀 (Leucosticte brandti); 粉红腹岭雀 (Leucosticte arctoa),common Chinese species-name suffix; minimum 2 CBR species and suffix length >= 2
not_used,Lewinia,,灰胸秧鸡,1,灰胸秧鸡 (Lewinia striata),common Chinese species-name suffix; minimum 2 CBR species and suffix length >= 2
accepted,Limnodromus,半蹼鹬属,半蹼鹬,2,半蹼鹬 (Limnodromus semipalmatus); 长嘴半蹼鹬 (Limnodromus scolopaceus),common Chinese species-name suffix; minimum 2 CBR species and suffix length >= 2
accepted,Limosa,尾塍鹬属,尾塍鹬,2,斑尾塍鹬 (Limosa lapponica); 黑尾塍鹬 (Limosa limosa),common Chinese species-name suffix; minimum 2 CBR species and suffix length >= 2
accepted,Linaria,朱顶雀属,朱顶雀,2,黄嘴朱顶雀 (Linaria flavirostris); 赤胸朱顶雀 (Linaria cannabina),common Chinese species-name suffix; minimum 2 CBR species and suffix length >= 2
accepted,Liocichla,薮鹛属,薮鹛,4,灰胸薮鹛 (Liocichla omeiensis); 黄痣薮鹛 (Liocichla steerii); 灰头薮鹛 (Liocichla phoenicea); 红翅薮鹛 (Liocichla ripponi),common Chinese species-name suffix; minimum 2 CBR species and suffix length >= 2
not_used,Lioparus,,金胸雀鹛,1,金胸雀鹛 (Lioparus chrysotis),common Chinese species-name suffix; minimum 2 CBR species and suffix length >= 2
accepted,Locustella,蝗莺属,蝗莺,11,矛斑蝗莺 (Locustella lanceolata); 棕褐短翅蝗莺 (Locustella luteoventris); 巨嘴短翅蝗莺 (Locustella major); 黑斑蝗莺 (Locustella naevia); 中华短翅蝗莺 (Locustella tacsanowskia); 鸲蝗莺 (Locustella luscinioides); 北短翅蝗莺 (Locustella davidi); 斑胸短翅蝗莺 (Locustella thoracica),common Chinese species-name suffix; minimum 2 CBR species and suffix length >= 2
accepted,Lonchura,文鸟属,文鸟,3,斑文鸟 (Lonchura punctulata); 白腰文鸟 (Lonchura striata); 栗腹文鸟 (Lonchura atricapilla),common Chinese species-name suffix; minimum 2 CBR species and suffix length >= 2
not_used,Lophophanes,,褐冠山雀,1,褐冠山雀 (Lophophanes dichrous),common Chinese species-name suffix; minimum 2 CBR species and suffix length >= 2
accepted,Lophophorus,虹雉属,虹雉,3,棕尾虹雉 (Lophophorus impejanus); 白尾梢虹雉 (Lophophorus sclateri); 绿尾虹雉 (Lophophorus lhuysii),common Chinese species-name suffix; minimum 2 CBR species and suffix length >= 2
not_used,Lophospiza,,凤头鹰,1,凤头鹰 (Lophospiza trivirgata),common Chinese species-name suffix; minimum 2 CBR species and suffix length >= 2
not_used,Lophotriorchis,,棕腹隼雕,1,棕腹隼雕 (Lophotriorchis kienerii),common Chinese species-name suffix; minimum 2 CBR species and suffix length >= 2
not_used,Lophura,,鹇,3,蓝腹鹇 (Lophura swinhoii); 黑鹇 (Lophura leucomelanos); 白鹇 (Lophura nycthemera),common Chinese species-name suffix; minimum 2 CBR species and suffix length >= 2
not_used,Loriculus,,短尾鹦鹉,1,短尾鹦鹉 (Loriculus vernalis),common Chinese species-name suffix; minimum 2 CBR species and suffix length >= 2
accepted,Loxia,交嘴雀属,交嘴雀,2,红交嘴雀 (Loxia curvirostra); 白翅交嘴雀 (Loxia leucoptera),common Chinese species-name suffix; minimum 2 CBR species and suffix length >= 2
not_used,Luscinia,,鸲,3,新疆歌鸲 (Luscinia megarhynchos); 蓝喉歌鸲 (Luscinia svecica); 白腹短翅鸲 (Luscinia phaenicuroides),common Chinese species-name suffix; minimum 2 CBR species and suffix length >= 2
not_used,Lymnocryptes,,姬鹬,1,姬鹬 (Lymnocryptes minimus),common Chinese species-name suffix; minimum 2 CBR species and suffix length >= 2
not_used,Lyncornis,,毛腿耳夜鹰,1,毛腿耳夜鹰 (Lyncornis macrotis),common Chinese species-name suffix; minimum 2 CBR species and suffix length >= 2
not_used,Lyrurus,,黑琴鸡,1,黑琴鸡 (Lyrurus tetrix),common Chinese species-name suffix; minimum 2 CBR species and suffix length >= 2
accepted,Machlolophus,山雀属,山雀,3,台湾黄山雀 (Machlolophus holsti); 眼纹黄山雀 (Machlolophus xanthogenys); 黄颊山雀 (Machlolophus spilonotus),common Chinese species-name suffix; minimum 2 CBR species and suffix length >= 2
accepted,Macropygia,鹃鸠属,鹃鸠,3,斑尾鹃鸠 (Macropygia unchall); 菲律宾鹃鸠 (Macropygia tenuirostris); 小鹃鸠 (Macropygia ruficeps),common Chinese species-name suffix; minimum 2 CBR species and suffix length >= 2
not_used,Mareca,,鸭,4,赤膀鸭 (Mareca strepera); 罗纹鸭 (Mareca falcata); 赤颈鸭 (Mareca penelope); 绿眉鸭 (Mareca americana),common Chinese species-name suffix; minimum 2 CBR species and suffix length >= 2
not_used,Marmaronetta,,云石斑鸭,1,云石斑鸭 (Marmaronetta angustirostris),common Chinese species-name suffix; minimum 2 CBR species and suffix length >= 2
not_used,Megaceryle,,冠鱼狗,1,冠鱼狗 (Megaceryle lugubris),common Chinese species-name suffix; minimum 2 CBR species and suffix length >= 2
not_used,Megalurus,,沼泽大尾莺,1,沼泽大尾莺 (Megalurus palustris),common Chinese species-name suffix; minimum 2 CBR species and suffix length >= 2
accepted,Melanitta,海番鸭属,海番鸭,3,丝绒海番鸭 (Melanitta fusca); 斑脸海番鸭 (Melanitta stejnegeri); 黑海番鸭 (Melanitta americana),common Chinese species-name suffix; minimum 2 CBR species and suffix length >= 2
not_used,Melanochlora,,冕雀,1,冕雀 (Melanochlora sultanea),common Chinese species-name suffix; minimum 2 CBR species and suffix length >= 2
accepted,Melanocorypha,百灵属,百灵,5,双斑百灵 (Melanocorypha bimaculata); 草原百灵 (Melanocorypha calandra); 黑百灵 (Melanocorypha yeltoniensis); 蒙古百灵 (Melanocorypha mongolica); 长嘴百灵 (Melanocorypha maxima),common Chinese species-name suffix; minimum 2 CBR species and suffix length >= 2
not_used,Mergellus,,斑头秋沙鸭,1,斑头秋沙鸭 (Mergellus albellus),common Chinese species-name suffix; minimum 2 CBR species and suffix length >= 2
accepted,Mergus,秋沙鸭属,秋沙鸭,3,普通秋沙鸭 (Mergus merganser); 红胸秋沙鸭 (Mergus serrator); 中华秋沙鸭 (Mergus squamatus),common Chinese species-name suffix; minimum 2 CBR species and suffix length >= 2
accepted,Merops,蜂虎属,蜂虎,7,绿喉蜂虎 (Merops orientalis); 蓝颊蜂虎 (Merops persicus); 栗喉蜂虎 (Merops philippinus); 彩虹蜂虎 (Merops ornatus); 蓝喉蜂虎 (Merops viridis); 栗头蜂虎 (Merops leschenaulti); 黄喉蜂虎 (Merops apiaster),common Chinese species-name suffix; minimum 2 CBR species and suffix length >= 2
not_used,Metopidius,,铜翅水雉,1,铜翅水雉 (Metopidius indicus),common Chinese species-name suffix; minimum 2 CBR species and suffix length >= 2
accepted,Microcarbo,鸬鹚属,鸬鹚,2,侏鸬鹚 (Microcarbo pygmaeus); 黑颈鸬鹚 (Microcarbo niger),common Chinese species-name suffix; minimum 2 CBR species and suffix length >= 2
accepted,Microhierax,腿小隼属,腿小隼,2,红腿小隼 (Microhierax caerulescens); 白腿小隼 (Microhierax melanoleucos),common Chinese species-name suffix; minimum 2 CBR species and suffix length >= 2
not_used,Micropternus,,栗啄木鸟,1,栗啄木鸟 (Micropternus brachyurus),common Chinese species-name suffix; minimum 2 CBR species and suffix length >= 2
not_used,Microtarsus,,黑头鹎,1,黑头鹎 (Microtarsus melanocephalos),common Chinese species-name suffix; minimum 2 CBR species and suffix length >= 2
not_used,Milvus,,黑鸢,1,黑鸢 (Milvus migrans),common Chinese species-name suffix; minimum 2 CBR species and suffix length >= 2
not_used,Minla,,火尾希鹛,1,火尾希鹛 (Minla ignotincta),common Chinese species-name suffix; minimum 2 CBR species and suffix length >= 2
not_used,Mirafra,,歌百灵,1,歌百灵 (Mirafra javanica),common Chinese species-name suffix; minimum 2 CBR species and suffix length >= 2
not_used,Mixornis,,纹胸鹛,1,纹胸鹛 (Mixornis gularis),common Chinese species-name suffix; minimum 2 CBR species and suffix length >= 2
accepted,Monticola,矶鸫属,矶鸫,5,蓝头矶鸫 (Monticola cinclorhyncha); 白喉矶鸫 (Monticola gularis); 栗腹矶鸫 (Monticola rufiventris); 白背矶鸫 (Monticola saxatilis); 蓝矶鸫 (Monticola solitarius),common Chinese species-name suffix; minimum 2 CBR species and suffix length >= 2
accepted,Montifringilla,雪雀属,雪雀,3,藏雪雀 (Montifringilla henrici); 白斑翅雪雀 (Montifringilla nivalis); 褐翅雪雀 (Montifringilla adamsi),common Chinese species-name suffix; minimum 2 CBR species and suffix length >= 2
accepted,Motacilla,鹡鸰属,鹡鸰,7,西黄鹡鸰 (Motacilla flava); 黄鹡鸰 (Motacilla tschutschensis); 黄头鹡鸰 (Motacilla citreola); 灰鹡鸰 (Motacilla cinerea); 白鹡鸰 (Motacilla alba); 日本鹡鸰 (Motacilla grandis); 大斑鹡鸰 (Motacilla maderaspatensis),common Chinese species-name suffix; minimum 2 CBR species and suffix length >= 2
not_used,Moupinia,,宝兴鹛雀,1,宝兴鹛雀 (Moupinia poecilotis),common Chinese species-name suffix; minimum 2 CBR species and suffix length >= 2
not_used,Mulleripicus,,大灰啄木鸟,1,大灰啄木鸟 (Mulleripicus pulverulentus),common Chinese species-name suffix; minimum 2 CBR species and suffix length >= 2
not_used,Muscicapa,,鹟,6,灰纹鹟 (Muscicapa griseisticta); 乌鹟 (Muscicapa sibirica); 棕尾褐鹟 (Muscicapa ferruginea); 褐胸鹟 (Muscicapa muttui); 北灰鹟 (Muscicapa dauurica); 斑鹟 (Muscicapa striata),common Chinese species-name suffix; minimum 2 CBR species and suffix length >= 2
accepted,Mycerobas,拟蜡嘴雀属,拟蜡嘴雀,3,黄颈拟蜡嘴雀 (Mycerobas affinis); 白点翅拟蜡嘴雀 (Mycerobas melanozanthos); 白斑翅拟蜡嘴雀 (Mycerobas carnipes),common Chinese species-name suffix; minimum 2 CBR species and suffix length >= 2
not_used,Mycteria,,彩鹳,1,彩鹳 (Mycteria leucocephala),common Chinese species-name suffix; minimum 2 CBR species and suffix length >= 2
not_used,Myiomela,,白尾蓝地鸲,1,白尾蓝地鸲 (Myiomela leucura),common Chinese species-name suffix; minimum 2 CBR species and suffix length >= 2
accepted,Myophonus,紫啸鸫属,紫啸鸫,2,台湾紫啸鸫 (Myophonus insularis); 紫啸鸫 (Myophonus caeruleus),common Chinese species-name suffix; minimum 2 CBR species and suffix length >= 2
not_used,Myzornis,,火尾绿鹛,1,火尾绿鹛 (Myzornis pyrrhoura),common Chinese species-name suffix; minimum 2 CBR species and suffix length >= 2
not_used,Napothera,,鹛,3,纹胸鹪鹛 (Napothera epilepidota); 长嘴鹩鹛 (Napothera malacoptila); 瑙蒙短尾鹛 (Napothera naungmungensis),common Chinese species-name suffix; minimum 2 CBR species and suffix length >= 2
not_used,Neophron,,白兀鹫,1,白兀鹫 (Neophron percnopterus),common Chinese species-name suffix; minimum 2 CBR species and suffix length >= 2
not_used,Netta,,赤嘴潜鸭,1,赤嘴潜鸭 (Netta rufina),common Chinese species-name suffix; minimum 2 CBR species and suffix length >= 2
not_used,Nettapus,,棉凫,1,棉凫 (Nettapus coromandelianus),common Chinese species-name suffix; minimum 2 CBR species and suffix length >= 2
accepted,Niltava,仙鹟属,仙鹟,6,棕腹大仙鹟 (Niltava davidi); 棕腹仙鹟 (Niltava sundara); 棕腹蓝仙鹟 (Niltava oatesi); 台湾蓝仙鹟 (Niltava vivida); 大仙鹟 (Niltava grandis); 小仙鹟 (Niltava macgrigoriae),common Chinese species-name suffix; minimum 2 CBR species and suffix length >= 2
accepted,Ninox,鹰鸮属,鹰鸮,2,北鹰鸮 (Ninox japonica); 鹰鸮 (Ninox scutulata),common Chinese species-name suffix; minimum 2 CBR species and suffix length >= 2
not_used,Nipponia,,朱鹮,1,朱鹮 (Nipponia nippon),common Chinese species-name suffix; minimum 2 CBR species and suffix length >= 2
accepted,Nisaetus,鹰雕属,鹰雕,2,凤头鹰雕 (Nisaetus cirrhatus); 鹰雕 (Nisaetus nipalensis),common Chinese species-name suffix; minimum 2 CBR species and suffix length >= 2
accepted,Nucifraga,星鸦属,星鸦,3,北星鸦 (Nucifraga caryocatactes); 星鸦 (Nucifraga hemispila); 大斑星鸦 (Nucifraga multipunctata),common Chinese species-name suffix; minimum 2 CBR species and suffix length >= 2
accepted,Numenius,杓鹬属,杓鹬,4,中杓鹬 (Numenius phaeopus); 小杓鹬 (Numenius minutus); 大杓鹬 (Numenius madagascariensis); 白腰杓鹬 (Numenius arquata),common Chinese species-name suffix; minimum 2 CBR species and suffix length >= 2
accepted,Nycticorax,夜鹭属,夜鹭,2,夜鹭 (Nycticorax nycticorax); 棕夜鹭 (Nycticorax caledonicus),common Chinese species-name suffix; minimum 2 CBR species and suffix length >= 2
not_used,Nyctyornis,,蓝须夜蜂虎,1,蓝须夜蜂虎 (Nyctyornis athertoni),common Chinese species-name suffix; minimum 2 CBR species and suffix length >= 2
not_used,Oceanites,,黄蹼洋海燕,1,黄蹼洋海燕 (Oceanites oceanicus),common Chinese species-name suffix; minimum 2 CBR species and suffix length >= 2
not_used,Oenanthe,,䳭,5,穗䳭 (Oenanthe oenanthe); 沙䳭 (Oenanthe isabellina); 漠䳭 (Oenanthe deserti); 白顶䳭 (Oenanthe pleschanka); 东方斑䳭 (Oenanthe picata),common Chinese species-name suffix; minimum 2 CBR species and suffix length >= 2
accepted,Onychoprion,燕鸥属,燕鸥,3,白腰燕鸥 (Onychoprion aleuticus); 乌燕鸥 (Onychoprion fuscatus); 褐翅燕鸥 (Onychoprion anaethetus),common Chinese species-name suffix; minimum 2 CBR species and suffix length >= 2
not_used,Onychostruthus,,白腰雪雀,1,白腰雪雀 (Onychostruthus taczanowskii),common Chinese species-name suffix; minimum 2 CBR species and suffix length >= 2
not_used,Oriolus,,鹂,7,朱鹂 (Oriolus traillii); 鹊色鹂 (Oriolus mellianus); 黑头黄鹂 (Oriolus xanthornus); 印度金黄鹂 (Oriolus kundoo); 金黄鹂 (Oriolus oriolus); 黑枕黄鹂 (Oriolus chinensis); 细嘴黄鹂 (Oriolus tenuirostris),common Chinese species-name suffix; minimum 2 CBR species and suffix length >= 2
not_used,Oroanassa,,海南鳽,1,海南鳽 (Oroanassa magnifica),common Chinese species-name suffix; minimum 2 CBR species and suffix length >= 2
accepted,Orthotomus,缝叶莺属,缝叶莺,2,长尾缝叶莺 (Orthotomus sutorius); 黑喉缝叶莺 (Orthotomus atrogularis),common Chinese species-name suffix; minimum 2 CBR species and suffix length >= 2
not_used,Otis,,大鸨,1,大鸨 (Otis tarda),common Chinese species-name suffix; minimum 2 CBR species and suffix length >= 2
accepted,Otus,角鸮属,角鸮,7,黄嘴角鸮 (Otus spilocephalus); 西红角鸮 (Otus scops); 纵纹角鸮 (Otus brucei); 红角鸮 (Otus sunia); 琉球角鸮 (Otus elegans); 领角鸮 (Otus lettia); 北领角鸮 (Otus semitorques),common Chinese species-name suffix; minimum 2 CBR species and suffix length >= 2
not_used,Oxyura,,白头硬尾鸭,1,白头硬尾鸭 (Oxyura leucocephala),common Chinese species-name suffix; minimum 2 CBR species and suffix length >= 2
accepted,Pachyglossa,啄花鸟属,啄花鸟,3,厚嘴啄花鸟 (Pachyglossa agilis); 黄臀啄花鸟 (Pachyglossa chrysorrhea); 黄腹啄花鸟 (Pachyglossa melanozantha),common Chinese species-name suffix; minimum 2 CBR species and suffix length >= 2
not_used,Pandion,,鹗,1,鹗 (Pandion haliaetus),common Chinese species-name suffix; minimum 2 CBR species and suffix length >= 2
not_used,Panurus,,文须雀,1,文须雀 (Panurus biarmicus),common Chinese species-name suffix; minimum 2 CBR species and suffix length >= 2
accepted,Paradoxornis,鸦雀属,鸦雀,8,红嘴鸦雀 (Paradoxornis aemodius); 三趾鸦雀 (Paradoxornis paradoxus); 褐鸦雀 (Paradoxornis unicolor); 白胸鸦雀 (Paradoxornis ruficeps); 红头鸦雀 (Paradoxornis bakeri); 灰头鸦雀 (Paradoxornis gularis); 点胸鸦雀 (Paradoxornis guttaticollis); 震旦鸦雀 (Paradoxornis heudei),common Chinese species-name suffix; minimum 2 CBR species and suffix length >= 2
not_used,Parayuhina,,白领凤鹛,1,白领凤鹛 (Parayuhina diademata),common Chinese species-name suffix; minimum 2 CBR species and suffix length >= 2
accepted,Parus,山雀属,山雀,3,欧亚大山雀 (Parus major); 大山雀 (Parus cinereus); 绿背山雀 (Parus monticolus),common Chinese species-name suffix; minimum 2 CBR species and suffix length >= 2
accepted,Passer,麻雀属,麻雀,5,山麻雀 (Passer cinnamomeus); 麻雀 (Passer montanus); 黑顶麻雀 (Passer ammodendri); 黑胸麻雀 (Passer hispaniolensis); 家麻雀 (Passer domesticus),common Chinese species-name suffix; minimum 2 CBR species and suffix length >= 2
not_used,Passerculus,,稀树草鹀,1,稀树草鹀 (Passerculus sandwichensis),common Chinese species-name suffix; minimum 2 CBR species and suffix length >= 2
not_used,Pastor,,粉红椋鸟,1,粉红椋鸟 (Pastor roseus),common Chinese species-name suffix; minimum 2 CBR species and suffix length >= 2
not_used,Pavo,,绿孔雀,1,绿孔雀 (Pavo muticus),common Chinese species-name suffix; minimum 2 CBR species and suffix length >= 2
not_used,Pelargopsis,,鹳嘴翡翠,1,鹳嘴翡翠 (Pelargopsis capensis),common Chinese species-name suffix; minimum 2 CBR species and suffix length >= 2
accepted,Pelecanus,鹈鹕属,鹈鹕,3,白鹈鹕 (Pelecanus onocrotalus); 斑嘴鹈鹕 (Pelecanus philippensis); 卷羽鹈鹕 (Pelecanus crispus),common Chinese species-name suffix; minimum 2 CBR species and suffix length >= 2
not_used,Pellorneum,,鹛,3,棕头幽鹛 (Pellorneum ruficeps); 白腹幽鹛 (Pellorneum albiventre); 棕胸雅鹛 (Pellorneum tickelli),common Chinese species-name suffix; minimum 2 CBR species and suffix length >= 2
accepted,Perdix,山鹑属,山鹑,3,高原山鹑 (Perdix hodgsoniae); 灰山鹑 (Perdix perdix); 斑翅山鹑 (Perdix dauurica),common Chinese species-name suffix; minimum 2 CBR species and suffix length >= 2
accepted,Pericrocotus,山椒鸟属,山椒鸟,8,灰喉山椒鸟 (Pericrocotus solaris); 短嘴山椒鸟 (Pericrocotus brevirostris); 长尾山椒鸟 (Pericrocotus ethologus); 赤红山椒鸟 (Pericrocotus flammeus); 灰山椒鸟 (Pericrocotus divaricatus); 琉球山椒鸟 (Pericrocotus tegimae); 小灰山椒鸟 (Pericrocotus cantonensis); 粉红山椒鸟 (Pericrocotus roseus),common Chinese species-name suffix; minimum 2 CBR species and suffix length >= 2
accepted,Periparus,山雀属,山雀,4,棕枕山雀 (Periparus rufonuchalis); 黑冠山雀 (Periparus rubidiventris); 煤山雀 (Periparus ater); 黄腹山雀 (Periparus venustulus),common Chinese species-name suffix; minimum 2 CBR species and suffix length >= 2
accepted,Perisoreus,噪鸦属,噪鸦,2,北噪鸦 (Perisoreus infaustus); 黑头噪鸦 (Perisoreus internigrans),common Chinese species-name suffix; minimum 2 CBR species and suffix length >= 2
accepted,Pernis,头蜂鹰属,头蜂鹰,2,鹃头蜂鹰 (Pernis apivorus); 凤头蜂鹰 (Pernis ptilorhynchus),common Chinese species-name suffix; minimum 2 CBR species and suffix length >= 2
not_used,Petrochelidon,,黄额燕,1,黄额燕 (Petrochelidon fluvicola),common Chinese species-name suffix; minimum 2 CBR species and suffix length >= 2
not_used,Petronia,,石雀,1,石雀 (Petronia petronia),common Chinese species-name suffix; minimum 2 CBR species and suffix length >= 2
not_used,Phaenicophaeus,,绿嘴地鹃,1,绿嘴地鹃 (Phaenicophaeus tristis),common Chinese species-name suffix; minimum 2 CBR species and suffix length >= 2
not_used,Phaethon,,鹲,3,红嘴鹲 (Phaethon aethereus); 红尾鹲 (Phaethon rubricauda); 白尾鹲 (Phaethon lepturus),common Chinese species-name suffix; minimum 2 CBR species and suffix length >= 2
accepted,Phalacrocorax,鸬鹚属,鸬鹚,2,暗绿背鸬鹚 (Phalacrocorax capillatus); 普通鸬鹚 (Phalacrocorax carbo),common Chinese species-name suffix; minimum 2 CBR species and suffix length >= 2
accepted,Phalaropus,瓣蹼鹬属,瓣蹼鹬,2,灰瓣蹼鹬 (Phalaropus fulicarius); 红颈瓣蹼鹬 (Phalaropus lobatus),common Chinese species-name suffix; minimum 2 CBR species and suffix length >= 2
not_used,Phasianus,,雉鸡,1,雉鸡 (Phasianus colchicus),common Chinese species-name suffix; minimum 2 CBR species and suffix length >= 2
not_used,Phodilus,,栗鸮,1,栗鸮 (Phodilus badius),common Chinese species-name suffix; minimum 2 CBR species and suffix length >= 2
accepted,Phoebastria,信天翁属,信天翁,3,黑背信天翁 (Phoebastria immutabilis); 黑脚信天翁 (Phoebastria nigripes); 短尾信天翁 (Phoebastria albatrus),common Chinese species-name suffix; minimum 2 CBR species and suffix length >= 2
not_used,Phoenicopterus,,大红鹳,1,大红鹳 (Phoenicopterus roseus),common Chinese species-name suffix; minimum 2 CBR species and suffix length >= 2
not_used,Phoenicurus,,鸲,12,红背红尾鸲 (Phoenicurus erythronotus); 蓝额红尾鸲 (Phoenicurus frontalis); 蓝头红尾鸲 (Phoenicurus coeruleocephala); 白喉红尾鸲 (Phoenicurus schisticeps); 红尾水鸲 (Phoenicurus fuliginosus); 白顶溪鸲 (Phoenicurus leucocephalus); 贺兰山红尾鸲 (Phoenicurus alaschanicus); 赭红尾鸲 (Phoenicurus ochruros),common Chinese species-name suffix; minimum 2 CBR species and suffix length >= 2
not_used,Phyllergates,,金头拟缝叶莺,1,金头拟缝叶莺 (Phyllergates cucullatus),common Chinese species-name suffix; minimum 2 CBR species and suffix length >= 2
not_used,Phylloscopus,,莺,50,林柳莺 (Phylloscopus sibilatrix); 橙斑翅柳莺 (Phylloscopus pulcher); 灰喉柳莺 (Phylloscopus maculipennis); 淡眉柳莺 (Phylloscopus humei); 黄眉柳莺 (Phylloscopus inornatus); 云南柳莺 (Phylloscopus yunnanensis); 淡黄腰柳莺 (Phylloscopus chloronotus); 四川柳莺 (Phylloscopus forresti),common Chinese species-name suffix; minimum 2 CBR species and suffix length >= 2
accepted,Pica,喜鹊属,喜鹊,3,欧亚喜鹊 (Pica pica); 青藏喜鹊 (Pica bottanensis); 喜鹊 (Pica serica),common Chinese species-name suffix; minimum 2 CBR species and suffix length >= 2
not_used,Picoides,,三趾啄木鸟,1,三趾啄木鸟 (Picoides tridactylus),common Chinese species-name suffix; minimum 2 CBR species and suffix length >= 2
not_used,Picumnus,,斑姬啄木鸟,1,斑姬啄木鸟 (Picumnus innominatus),common Chinese species-name suffix; minimum 2 CBR species and suffix length >= 2
accepted,Picus,啄木鸟属,啄木鸟,6,黄冠啄木鸟 (Picus chlorolophus); 花腹绿啄木鸟 (Picus vittatus); 鳞喉绿啄木鸟 (Picus xanthopygaeus); 鳞腹绿啄木鸟 (Picus squamatus); 红颈绿啄木鸟 (Picus rabieri); 灰头绿啄木鸟 (Picus canus),common Chinese species-name suffix; minimum 2 CBR species and suffix length >= 2
not_used,Pinicola,,松雀,1,松雀 (Pinicola enucleator),common Chinese species-name suffix; minimum 2 CBR species and suffix length >= 2
accepted,Pitta,八色鸫属,八色鸫,4,印度八色鸫 (Pitta brachyura); 蓝翅八色鸫 (Pitta moluccensis); 绿胸八色鸫 (Pitta sordida); 仙八色鸫 (Pitta nympha),common Chinese species-name suffix; minimum 2 CBR species and suffix length >= 2
accepted,Platalea,琵鹭属,琵鹭,2,白琵鹭 (Platalea leucorodia); 黑脸琵鹭 (Platalea minor),common Chinese species-name suffix; minimum 2 CBR species and suffix length >= 2
not_used,Plectrophenax,,雪鹀,1,雪鹀 (Plectrophenax nivalis),common Chinese species-name suffix; minimum 2 CBR species and suffix length >= 2
not_used,Plegadis,,彩鹮,1,彩鹮 (Plegadis falcinellus),common Chinese species-name suffix; minimum 2 CBR species and suffix length >= 2
accepted,Ploceus,胸织雀属,胸织雀,2,纹胸织雀 (Ploceus manyar); 黄胸织雀 (Ploceus philippinus),common Chinese species-name suffix; minimum 2 CBR species and suffix length >= 2
not_used,Pluvialis,,鸻,4,灰斑鸻 (Pluvialis squatarola); 欧金鸻 (Pluvialis apricaria); 金斑鸻 (Pluvialis fulva); 美洲金鸻 (Pluvialis dominica),common Chinese species-name suffix; minimum 2 CBR species and suffix length >= 2
accepted,Pnoepyga,鹪鹛属,鹪鹛,4,鳞胸鹪鹛 (Pnoepyga albiventer); 台湾鹪鹛 (Pnoepyga formosana); 尼泊尔鹪鹛 (Pnoepyga immaculata); 小鳞胸鹪鹛 (Pnoepyga pusilla),common Chinese species-name suffix; minimum 2 CBR species and suffix length >= 2
accepted,Podiceps,䴙䴘属,䴙䴘,4,赤颈䴙䴘 (Podiceps grisegena); 凤头䴙䴘 (Podiceps cristatus); 角䴙䴘 (Podiceps auritus); 黑颈䴙䴘 (Podiceps nigricollis),common Chinese species-name suffix; minimum 2 CBR species and suffix length >= 2
accepted,Podoces,尾地鸦属,尾地鸦,2,黑尾地鸦 (Podoces hendersoni); 白尾地鸦 (Podoces biddulphi),common Chinese species-name suffix; minimum 2 CBR species and suffix length >= 2
accepted,Poecile,山雀属,山雀,6,白眉山雀 (Poecile superciliosus); 红腹山雀 (Poecile davidi); 沼泽山雀 (Poecile palustris); 黑喉山雀 (Poecile hypermelaenus); 褐头山雀 (Poecile montanus); 川褐头山雀 (Poecile weigoldicus),common Chinese species-name suffix; minimum 2 CBR species and suffix length >= 2
not_used,Poliolimnas,,白眉田鸡,1,白眉田鸡 (Poliolimnas cinereus),common Chinese species-name suffix; minimum 2 CBR species and suffix length >= 2
accepted,Polyplectron,孔雀雉属,孔雀雉,2,海南孔雀雉 (Polyplectron katsumatae); 灰孔雀雉 (Polyplectron bicalcaratum),common Chinese species-name suffix; minimum 2 CBR species and suffix length >= 2
not_used,Polysticta,,小绒鸭,1,小绒鸭 (Polysticta stelleri),common Chinese species-name suffix; minimum 2 CBR species and suffix length >= 2
accepted,Pomatorhinus,嘴鹛属,嘴鹛,7,黑冠钩嘴鹛 (Pomatorhinus ferruginosus); 红嘴钩嘴鹛 (Pomatorhinus phayrei); 棕头钩嘴鹛 (Pomatorhinus ochraceiceps); 剑嘴鹛 (Pomatorhinus superciliaris); 棕颈钩嘴鹛 (Pomatorhinus ruficollis); 台湾棕颈钩嘴鹛 (Pomatorhinus musicus); 灰头钩嘴鹛 (Pomatorhinus schisticeps),common Chinese species-name suffix; minimum 2 CBR species and suffix length >= 2
not_used,Porzana,,斑胸田鸡,1,斑胸田鸡 (Porzana porzana),common Chinese species-name suffix; minimum 2 CBR species and suffix length >= 2
accepted,Prinia,山鹪莺属,山鹪莺,8,喜山山鹪莺 (Prinia crinigera); 山鹪莺 (Prinia striata); 黑胸山鹪莺 (Prinia atrogularis); 黑喉山鹪莺 (Prinia superciliaris); 暗冕山鹪莺 (Prinia rufescens); 灰胸山鹪莺 (Prinia hodgsonii); 黄腹山鹪莺 (Prinia flaviventris); 纯色山鹪莺 (Prinia inornata),common Chinese species-name suffix; minimum 2 CBR species and suffix length >= 2
not_used,Procarduelis,,暗胸朱雀,1,暗胸朱雀 (Procarduelis nipalensis),common Chinese species-name suffix; minimum 2 CBR species and suffix length >= 2
accepted,Prunella,岩鹨属,岩鹨,9,领岩鹨 (Prunella collaris); 高原岩鹨 (Prunella himalayana); 鸲岩鹨 (Prunella rubeculoides); 棕胸岩鹨 (Prunella strophiata); 棕眉山岩鹨 (Prunella montanella); 褐岩鹨 (Prunella fulvescens); 黑喉岩鹨 (Prunella atrogularis); 贺兰山岩鹨 (Prunella koslowi),common Chinese species-name suffix; minimum 2 CBR species and suffix length >= 2
not_used,Psarisomus,,长尾阔嘴鸟,1,长尾阔嘴鸟 (Psarisomus dalhousiae),common Chinese species-name suffix; minimum 2 CBR species and suffix length >= 2
not_used,Pseudibis,,白肩黑鹮,1,白肩黑鹮 (Pseudibis davisoni),common Chinese species-name suffix; minimum 2 CBR species and suffix length >= 2
not_used,Pseudobulweria,,钩嘴圆尾鹱,1,钩嘴圆尾鹱 (Pseudobulweria rostrata),common Chinese species-name suffix; minimum 2 CBR species and suffix length >= 2
not_used,Pseudopodoces,,地山雀,1,地山雀 (Pseudopodoces humilis),common Chinese species-name suffix; minimum 2 CBR species and suffix length >= 2
accepted,Psilopogon,拟啄木鸟属,拟啄木鸟,9,大拟啄木鸟 (Psilopogon virens); 斑头绿拟啄木鸟 (Psilopogon lineatus); 黄纹拟啄木鸟 (Psilopogon faiostrictus); 金喉拟啄木鸟 (Psilopogon franklinii); 黑眉拟啄木鸟 (Psilopogon faber); 台湾拟啄木鸟 (Psilopogon nuchalis); 蓝喉拟啄木鸟 (Psilopogon asiaticus); 蓝耳拟啄木鸟 (Psilopogon cyanotis),common Chinese species-name suffix; minimum 2 CBR species and suffix length >= 2
accepted,Psittacula,鹦鹉属,鹦鹉,7,灰头鹦鹉 (Psittacula finschii); 青头鹦鹉 (Psittacula himalayana); 花头鹦鹉 (Psittacula roseata); 绯胸鹦鹉 (Psittacula alexandri); 大紫胸鹦鹉 (Psittacula derbiana); 亚历山大鹦鹉 (Psittacula eupatria); 红领绿鹦鹉 (Psittacula krameri),common Chinese species-name suffix; minimum 2 CBR species and suffix length >= 2
not_used,Psittinus,,蓝腰鹦鹉,1,蓝腰鹦鹉 (Psittinus cyanurus),common Chinese species-name suffix; minimum 2 CBR species and suffix length >= 2
not_used,Pterocles,,黑腹沙鸡,1,黑腹沙鸡 (Pterocles orientalis),common Chinese species-name suffix; minimum 2 CBR species and suffix length >= 2
accepted,Pterodroma,圆尾鹱属,圆尾鹱,3,棕头圆尾鹱 (Pterodroma solandri); 信使圆尾鹱 (Pterodroma heraldica); 白额圆尾鹱 (Pterodroma hypoleuca),common Chinese species-name suffix; minimum 2 CBR species and suffix length >= 2
not_used,Pterorhinus,,鹛,17,棕臀噪鹛 (Pterorhinus gularis); 黄喉噪鹛 (Pterorhinus galbanus); 靛冠噪鹛 (Pterorhinus courtoisi); 栗颈噪鹛 (Pterorhinus ruficollis); 黑喉噪鹛 (Pterorhinus chinensis); 白颊噪鹛 (Pterorhinus sannio); 黑脸噪鹛 (Pterorhinus perspicillatus); 黑领噪鹛 (Pterorhinus pectoralis),common Chinese species-name suffix; minimum 2 CBR species and suffix length >= 2
accepted,Pteruthius,鵙鹛属,鵙鹛,5,淡绿鵙鹛 (Pteruthius xanthochlorus); 栗喉鵙鹛 (Pteruthius melanotis); 棕腹鵙鹛 (Pteruthius rufiventer); 红翅鵙鹛 (Pteruthius aeralatus); 栗额鵙鹛 (Pteruthius intermedius),common Chinese species-name suffix; minimum 2 CBR species and suffix length >= 2
accepted,Ptyonoprogne,岩燕属,岩燕,2,岩燕 (Ptyonoprogne rupestris); 纯色岩燕 (Ptyonoprogne concolor),common Chinese species-name suffix; minimum 2 CBR species and suffix length >= 2
not_used,Pucrasia,,勺鸡,1,勺鸡 (Pucrasia macrolopha),common Chinese species-name suffix; minimum 2 CBR species and suffix length >= 2
not_used,Puffinus,,黑鹱,1,黑鹱 (Puffinus nativitatis),common Chinese species-name suffix; minimum 2 CBR species and suffix length >= 2
not_used,Pycnonotus,,鹎,11,条耳鹎 (Pycnonotus conradi); 纹喉鹎 (Pycnonotus finlaysoni); 黄绿鹎 (Pycnonotus flavescens); 黄臀鹎 (Pycnonotus xanthorrhous); 白头鹎 (Pycnonotus sinensis); 台湾鹎 (Pycnonotus taivanus); 红耳鹎 (Pycnonotus jocosus); 白眉黄臀鹎 (Pycnonotus goiavier),common Chinese species-name suffix; minimum 2 CBR species and suffix length >= 2
accepted,Pyrgilauda,雪雀属,雪雀,3,棕颈雪雀 (Pyrgilauda ruficollis); 黑喉雪雀 (Pyrgilauda davidiana); 棕背雪雀 (Pyrgilauda blanfordi),common Chinese species-name suffix; minimum 2 CBR species and suffix length >= 2
accepted,Pyrrhocorax,嘴山鸦属,嘴山鸦,2,红嘴山鸦 (Pyrrhocorax pyrrhocorax); 黄嘴山鸦 (Pyrrhocorax graculus),common Chinese species-name suffix; minimum 2 CBR species and suffix length >= 2
not_used,Pyrrhoplectes,,金枕黑雀,1,金枕黑雀 (Pyrrhoplectes epauletta),common Chinese species-name suffix; minimum 2 CBR species and suffix length >= 2
accepted,Pyrrhula,灰雀属,灰雀,5,褐灰雀 (Pyrrhula nipalensis); 红头灰雀 (Pyrrhula erythrocephala); 灰头灰雀 (Pyrrhula erythaca); 台湾灰头灰雀 (Pyrrhula owstoni); 红腹灰雀 (Pyrrhula pyrrhula),common Chinese species-name suffix; minimum 2 CBR species and suffix length >= 2
accepted,Rallina,斑秧鸡属,斑秧鸡,2,白喉斑秧鸡 (Rallina eurizonoides); 红腿斑秧鸡 (Rallina fasciata),common Chinese species-name suffix; minimum 2 CBR species and suffix length >= 2
accepted,Rallus,秧鸡属,秧鸡,2,西方秧鸡 (Rallus aquaticus); 普通秧鸡 (Rallus indicus),common Chinese species-name suffix; minimum 2 CBR species and suffix length >= 2
not_used,Ramphiculus,,黑颏果鸠,1,黑颏果鸠 (Ramphiculus leclancheri),common Chinese species-name suffix; minimum 2 CBR species and suffix length >= 2
not_used,Recurvirostra,,反嘴鹬,1,反嘴鹬 (Recurvirostra avosetta),common Chinese species-name suffix; minimum 2 CBR species and suffix length >= 2
accepted,Regulus,戴菊属,戴菊,2,台湾戴菊 (Regulus goodfellowi); 戴菊 (Regulus regulus),common Chinese species-name suffix; minimum 2 CBR species and suffix length >= 2
accepted,Remiz,攀雀属,攀雀,4,欧亚攀雀 (Remiz pendulinus); 黑头攀雀 (Remiz macronyx); 白冠攀雀 (Remiz coronatus); 中华攀雀 (Remiz consobrinus),common Chinese species-name suffix; minimum 2 CBR species and suffix length >= 2
accepted,Rhipidura,扇尾鹟属,扇尾鹟,3,白喉扇尾鹟 (Rhipidura albicollis); 白眉扇尾鹟 (Rhipidura aureola); 菲律宾斑扇尾鹟 (Rhipidura nigritorquis),common Chinese species-name suffix; minimum 2 CBR species and suffix length >= 2
not_used,Rhodopechys,,红翅沙雀,1,红翅沙雀 (Rhodopechys sanguineus),common Chinese species-name suffix; minimum 2 CBR species and suffix length >= 2
not_used,Rhodospiza,,巨嘴沙雀,1,巨嘴沙雀 (Rhodospiza obsoleta),common Chinese species-name suffix; minimum 2 CBR species and suffix length >= 2
not_used,Rhodostethia,,楔尾鸥,1,楔尾鸥 (Rhodostethia rosea),common Chinese species-name suffix; minimum 2 CBR species and suffix length >= 2
accepted,Rhopophilus,山鹛属,山鹛,2,山鹛 (Rhopophilus pekinensis); 西域山鹛 (Rhopophilus albosuperciliaris),common Chinese species-name suffix; minimum 2 CBR species and suffix length >= 2
not_used,Rhyticeros,,花冠皱盔犀鸟,1,花冠皱盔犀鸟 (Rhyticeros undulatus),common Chinese species-name suffix; minimum 2 CBR species and suffix length >= 2
accepted,Riparia,沙燕属,沙燕,3,灰喉沙燕 (Riparia chinensis); 崖沙燕 (Riparia riparia); 淡色沙燕 (Riparia diluta),common Chinese species-name suffix; minimum 2 CBR species and suffix length >= 2
not_used,Rissa,,三趾鸥,1,三趾鸥 (Rissa tridactyla),common Chinese species-name suffix; minimum 2 CBR species and suffix length >= 2
not_used,Rostratula,,彩鹬,1,彩鹬 (Rostratula benghalensis),common Chinese species-name suffix; minimum 2 CBR species and suffix length >= 2
not_used,Rubigula,,黑冠黄鹎,1,黑冠黄鹎 (Rubigula flaviventris),common Chinese species-name suffix; minimum 2 CBR species and suffix length >= 2
not_used,Sarcogyps,,黑兀鹫,1,黑兀鹫 (Sarcogyps calvus),common Chinese species-name suffix; minimum 2 CBR species and suffix length >= 2
not_used,Sarkidiornis,,瘤鸭,1,瘤鸭 (Sarkidiornis melanotos),common Chinese species-name suffix; minimum 2 CBR species and suffix length >= 2
not_used,Saroglossa,,斑翅椋鸟,1,斑翅椋鸟 (Saroglossa spilopterus),common Chinese species-name suffix; minimum 2 CBR species and suffix length >= 2
not_used,Sasia,,白眉棕啄木鸟,1,白眉棕啄木鸟 (Sasia ochracea),common Chinese species-name suffix; minimum 2 CBR species and suffix length >= 2
not_used,Saundersilarus,,黑嘴鸥,1,黑嘴鸥 (Saundersilarus saundersi),common Chinese species-name suffix; minimum 2 CBR species and suffix length >= 2
not_used,Saxicola,,䳭,6,黑白林䳭 (Saxicola jerdoni); 灰林䳭 (Saxicola ferreus); 草原石䳭 (Saxicola rubetra); 白斑黑石䳭 (Saxicola caprata); 白喉石䳭 (Saxicola insignis); 黑喉石䳭 (Saxicola maurus),common Chinese species-name suffix; minimum 2 CBR species and suffix length >= 2
accepted,Schoeniparus,雀鹛属,雀鹛,6,黄喉雀鹛 (Schoeniparus cinereus); 栗头雀鹛 (Schoeniparus castaneceps); 金额雀鹛 (Schoeniparus variegaticeps); 棕喉雀鹛 (Schoeniparus rufogularis); 褐胁雀鹛 (Schoeniparus dubius); 褐顶雀鹛 (Schoeniparus brunneus),common Chinese species-name suffix; minimum 2 CBR species and suffix length >= 2
not_used,Scolopax,,丘鹬,1,丘鹬 (Scolopax rusticola),common Chinese species-name suffix; minimum 2 CBR species and suffix length >= 2
accepted,Serilophus,丝冠鸟属,丝冠鸟,2,灰眼先丝冠鸟 (Serilophus rubropygius); 银胸丝冠鸟 (Serilophus lunatus),common Chinese species-name suffix; minimum 2 CBR species and suffix length >= 2
not_used,Serinus,,金额丝雀,1,金额丝雀 (Serinus pusillus),common Chinese species-name suffix; minimum 2 CBR species and suffix length >= 2
not_used,Sibirionetta,,花脸鸭,1,花脸鸭 (Sibirionetta formosa),common Chinese species-name suffix; minimum 2 CBR species and suffix length >= 2
not_used,Sitta,,䴓,11,普通䴓 (Sitta europaea); 栗臀䴓 (Sitta nagaensis); 栗腹䴓 (Sitta cinnamoventris); 白尾䴓 (Sitta himalayensis); 滇䴓 (Sitta yunnanensis); 黑头䴓 (Sitta villosa); 白脸䴓 (Sitta przewalskii); 绒额䴓 (Sitta frontalis),common Chinese species-name suffix; minimum 2 CBR species and suffix length >= 2
accepted,Sittiparus,杂色山雀属,杂色山雀,2,杂色山雀 (Sittiparus varius); 台湾杂色山雀 (Sittiparus castaneoventris),common Chinese species-name suffix; minimum 2 CBR species and suffix length >= 2
not_used,Spatula,,鸭,2,白眉鸭 (Spatula querquedula); 琵嘴鸭 (Spatula clypeata),common Chinese species-name suffix; minimum 2 CBR species and suffix length >= 2
accepted,Spelaeornis,鹩鹛属,鹩鹛,4,锈喉鹩鹛 (Spelaeornis badeigularis); 斑翅鹩鹛 (Spelaeornis troglodytoides); 淡喉鹩鹛 (Spelaeornis kinneari); 灰腹鹩鹛 (Spelaeornis reptatus),common Chinese species-name suffix; minimum 2 CBR species and suffix length >= 2
accepted,Spilopelia,斑鸠属,斑鸠,2,珠颈斑鸠 (Spilopelia chinensis); 棕斑鸠 (Spilopelia senegalensis),common Chinese species-name suffix; minimum 2 CBR species and suffix length >= 2
not_used,Spilornis,,蛇雕,1,蛇雕 (Spilornis cheela),common Chinese species-name suffix; minimum 2 CBR species and suffix length >= 2
accepted,Spinus,黄雀属,黄雀,2,藏黄雀 (Spinus thibetanus); 黄雀 (Spinus spinus),common Chinese species-name suffix; minimum 2 CBR species and suffix length >= 2
accepted,Spizixos,雀嘴鹎属,雀嘴鹎,2,凤头雀嘴鹎 (Spizixos canifrons); 领雀嘴鹎 (Spizixos semitorques),common Chinese species-name suffix; minimum 2 CBR species and suffix length >= 2
accepted,Spodiopsar,椋鸟属,椋鸟,2,丝光椋鸟 (Spodiopsar sericeus); 灰椋鸟 (Spodiopsar cineraceus),common Chinese species-name suffix; minimum 2 CBR species and suffix length >= 2
accepted,Stachyris,穗鹛属,穗鹛,5,黑头穗鹛 (Stachyris nigriceps); 弄岗穗鹛 (Stachyris nonggangensis); 黑胸楔嘴穗鹛 (Stachyris humei); 楔嘴穗鹛 (Stachyris roberti); 斑颈穗鹛 (Stachyris strialata),common Chinese species-name suffix; minimum 2 CBR species and suffix length >= 2
accepted,Staphida,凤鹛属,凤鹛,2,栗耳凤鹛 (Staphida castaniceps); 栗颈凤鹛 (Staphida torqueola),common Chinese species-name suffix; minimum 2 CBR species and suffix length >= 2
accepted,Stercorarius,贼鸥属,贼鸥,4,长尾贼鸥 (Stercorarius longicaudus); 短尾贼鸥 (Stercorarius parasiticus); 中贼鸥 (Stercorarius pomarinus); 南极贼鸥 (Stercorarius maccormicki),common Chinese species-name suffix; minimum 2 CBR species and suffix length >= 2
accepted,Sterna,燕鸥属,燕鸥,5,黄嘴河燕鸥 (Sterna aurantia); 普通燕鸥 (Sterna hirundo); 黑枕燕鸥 (Sterna sumatrana); 粉红燕鸥 (Sterna dougallii); 黑腹燕鸥 (Sterna acuticauda),common Chinese species-name suffix; minimum 2 CBR species and suffix length >= 2
not_used,Sternula,,白额燕鸥,1,白额燕鸥 (Sternula albifrons),common Chinese species-name suffix; minimum 2 CBR species and suffix length >= 2
accepted,Streptopelia,斑鸠属,斑鸠,4,欧斑鸠 (Streptopelia turtur); 山斑鸠 (Streptopelia orientalis); 灰斑鸠 (Streptopelia decaocto); 火斑鸠 (Streptopelia tranquebarica),common Chinese species-name suffix; minimum 2 CBR species and suffix length >= 2
accepted,Strix,林鸮属,林鸮,4,褐林鸮 (Strix leptogrammica); 灰林鸮 (Strix nivicolum); 长尾林鸮 (Strix uralensis); 乌林鸮 (Strix nebulosa),common Chinese species-name suffix; minimum 2 CBR species and suffix length >= 2
accepted,Sturnia,椋鸟属,椋鸟,3,灰背椋鸟 (Sturnia sinensis); 灰头椋鸟 (Sturnia malabarica); 黑冠椋鸟 (Sturnia pagodarum),common Chinese species-name suffix; minimum 2 CBR species and suffix length >= 2
not_used,Sturnus,,紫翅椋鸟,1,紫翅椋鸟 (Sturnus vulgaris),common Chinese species-name suffix; minimum 2 CBR species and suffix length >= 2
accepted,Sula,鲣鸟属,鲣鸟,3,红脚鲣鸟 (Sula sula); 褐鲣鸟 (Sula leucogaster); 蓝脸鲣鸟 (Sula dactylatra),common Chinese species-name suffix; minimum 2 CBR species and suffix length >= 2
not_used,Surnia,,猛鸮,1,猛鸮 (Surnia ulula),common Chinese species-name suffix; minimum 2 CBR species and suffix length >= 2
not_used,Surniculus,,乌鹃,1,乌鹃 (Surniculus lugubris),common Chinese species-name suffix; minimum 2 CBR species and suffix length >= 2
accepted,Suthora,鸦雀属,鸦雀,12,白眶鸦雀 (Suthora conspicillata); 棕头鸦雀 (Suthora webbiana); 灰喉鸦雀 (Suthora alphonsiana); 褐翅鸦雀 (Suthora brunnea); 云南鸦雀 (Suthora ricketti); 暗色鸦雀 (Suthora zappeyi); 灰冠鸦雀 (Suthora przewalskii); 黄额鸦雀 (Suthora fulvifrons),common Chinese species-name suffix; minimum 2 CBR species and suffix length >= 2
not_used,Sylvia,,黑顶林莺,1,黑顶林莺 (Sylvia atricapilla),common Chinese species-name suffix; minimum 2 CBR species and suffix length >= 2
not_used,Sylviparus,,黄眉林雀,1,黄眉林雀 (Sylviparus modestus),common Chinese species-name suffix; minimum 2 CBR species and suffix length >= 2
not_used,Synoicus,,蓝胸鹑,1,蓝胸鹑 (Synoicus chinensis),common Chinese species-name suffix; minimum 2 CBR species and suffix length >= 2
accepted,Synthliboramphus,海雀属,海雀,2,扁嘴海雀 (Synthliboramphus antiquus); 冠海雀 (Synthliboramphus wumizusume),common Chinese species-name suffix; minimum 2 CBR species and suffix length >= 2
accepted,Syrmaticus,长尾雉属,长尾雉,4,白冠长尾雉 (Syrmaticus reevesii); 黑长尾雉 (Syrmaticus mikado); 白颈长尾雉 (Syrmaticus ellioti); 黑颈长尾雉 (Syrmaticus humiae),common Chinese species-name suffix; minimum 2 CBR species and suffix length >= 2
accepted,Syrrhaptes,毛腿沙鸡属,毛腿沙鸡,2,西藏毛腿沙鸡 (Syrrhaptes tibetanus); 毛腿沙鸡 (Syrrhaptes paradoxus),common Chinese species-name suffix; minimum 2 CBR species and suffix length >= 2
not_used,Tachybaptus,,小䴙䴘,1,小䴙䴘 (Tachybaptus ruficollis),common Chinese species-name suffix; minimum 2 CBR species and suffix length >= 2
not_used,Tachymarptis,,高山雨燕,1,高山雨燕 (Tachymarptis melba),common Chinese species-name suffix; minimum 2 CBR species and suffix length >= 2
not_used,Tachyspiza,,鹰,4,褐耳鹰 (Tachyspiza badia); 赤腹鹰 (Tachyspiza soloensis); 日本松雀鹰 (Tachyspiza gularis); 松雀鹰 (Tachyspiza virgata),common Chinese species-name suffix; minimum 2 CBR species and suffix length >= 2
accepted,Tadorna,麻鸭属,麻鸭,3,翘鼻麻鸭 (Tadorna tadorna); 赤麻鸭 (Tadorna ferruginea); 冠麻鸭 (Tadorna cristata),common Chinese species-name suffix; minimum 2 CBR species and suffix length >= 2
not_used,Taenioptynx,,领鸺鹠,1,领鸺鹠 (Taenioptynx brodiei),common Chinese species-name suffix; minimum 2 CBR species and suffix length >= 2
not_used,Tarsiger,,鸲,8,白眉林鸲 (Tarsiger indicus); 台湾白眉林鸲 (Tarsiger formosanus); 金色林鸲 (Tarsiger chrysaeus); 台湾林鸲 (Tarsiger johnstoniae); 棕腹林鸲 (Tarsiger hyperythrus); 红胁蓝尾鸲 (Tarsiger cyanurus); 祁连山蓝尾鸲 (Tarsiger albocoeruleus); 蓝眉林鸲 (Tarsiger rufilatus),common Chinese species-name suffix; minimum 2 CBR species and suffix length >= 2
not_used,Temnurus,,塔尾树鹊,1,塔尾树鹊 (Temnurus temnurus),common Chinese species-name suffix; minimum 2 CBR species and suffix length >= 2
not_used,Tephrodornis,,钩嘴林鵙,1,钩嘴林鵙 (Tephrodornis virgatus),common Chinese species-name suffix; minimum 2 CBR species and suffix length >= 2
accepted,Terpsiphone,寿带属,寿带,4,印度寿带 (Terpsiphone paradisi); 中南寿带 (Terpsiphone affinis); 寿带 (Terpsiphone incei); 紫寿带 (Terpsiphone atrocaudata),common Chinese species-name suffix; minimum 2 CBR species and suffix length >= 2
accepted,Tesia,地莺属,地莺,2,灰腹地莺 (Tesia cyaniventer); 金冠地莺 (Tesia olivea),common Chinese species-name suffix; minimum 2 CBR species and suffix length >= 2
accepted,Tetrao,松鸡属,松鸡,2,西方松鸡 (Tetrao urogallus); 黑嘴松鸡 (Tetrao urogalloides),common Chinese species-name suffix; minimum 2 CBR species and suffix length >= 2
accepted,Tetraogallus,雪鸡属,雪鸡,3,藏雪鸡 (Tetraogallus tibetanus); 阿尔泰雪鸡 (Tetraogallus altaicus); 暗腹雪鸡 (Tetraogallus himalayensis),common Chinese species-name suffix; minimum 2 CBR species and suffix length >= 2
accepted,Tetraophasis,喉雉鹑属,喉雉鹑,2,红喉雉鹑 (Tetraophasis obscurus); 黄喉雉鹑 (Tetraophasis szechenyii),common Chinese species-name suffix; minimum 2 CBR species and suffix length >= 2
accepted,Tetrastes,尾榛鸡属,尾榛鸡,2,花尾榛鸡 (Tetrastes bonasia); 斑尾榛鸡 (Tetrastes sewerzowi),common Chinese species-name suffix; minimum 2 CBR species and suffix length >= 2
not_used,Tetrax,,小鸨,1,小鸨 (Tetrax tetrax),common Chinese species-name suffix; minimum 2 CBR species and suffix length >= 2
accepted,Thalasseus,凤头燕鸥属,凤头燕鸥,4,白嘴端凤头燕鸥 (Thalasseus sandvicensis); 小凤头燕鸥 (Thalasseus bengalensis); 大凤头燕鸥 (Thalasseus bergii); 中华凤头燕鸥 (Thalasseus bernsteini),common Chinese species-name suffix; minimum 2 CBR species and suffix length >= 2
not_used,Thinornis,,鸻,2,金眶鸻 (Thinornis dubius); 长嘴剑鸻 (Thinornis placidus),common Chinese species-name suffix; minimum 2 CBR species and suffix length >= 2
not_used,Threskiornis,,黑头白鹮,1,黑头白鹮 (Threskiornis melanocephalus),common Chinese species-name suffix; minimum 2 CBR species and suffix length >= 2
not_used,Tichodroma,,红翅旋壁雀,1,红翅旋壁雀 (Tichodroma muraria),common Chinese species-name suffix; minimum 2 CBR species and suffix length >= 2
not_used,Tickellia,,宽嘴鹟莺,1,宽嘴鹟莺 (Tickellia hodgsoni),common Chinese species-name suffix; minimum 2 CBR species and suffix length >= 2
not_used,Timalia,,红顶鹛,1,红顶鹛 (Timalia pileata),common Chinese species-name suffix; minimum 2 CBR species and suffix length >= 2
not_used,Todiramphus,,白领翡翠,1,白领翡翠 (Todiramphus chloris),common Chinese species-name suffix; minimum 2 CBR species and suffix length >= 2
accepted,Tragopan,角雉属,角雉,5,黑头角雉 (Tragopan melanocephalus); 红胸角雉 (Tragopan satyra); 灰腹角雉 (Tragopan blythii); 红腹角雉 (Tragopan temminckii); 黄腹角雉 (Tragopan caboti),common Chinese species-name suffix; minimum 2 CBR species and suffix length >= 2
accepted,Treron,绿鸠属,绿鸠,9,橙胸绿鸠 (Treron bicinctus); 灰头绿鸠 (Treron phayrei); 厚嘴绿鸠 (Treron curvirostra); 黄脚绿鸠 (Treron phoenicopterus); 针尾绿鸠 (Treron apicauda); 白腹针尾绿鸠 (Treron seimundi); 楔尾绿鸠 (Treron sphenurus); 红翅绿鸠 (Treron sieboldii),common Chinese species-name suffix; minimum 2 CBR species and suffix length >= 2
not_used,Tringa,,鹬,10,白腰草鹬 (Tringa ochropus); 灰尾漂鹬 (Tringa brevipes); 漂鹬 (Tringa incana); 林鹬 (Tringa glareola); 泽鹬 (Tringa stagnatilis); 红脚鹬 (Tringa totanus); 小黄脚鹬 (Tringa flavipes); 小青脚鹬 (Tringa guttifer),common Chinese species-name suffix; minimum 2 CBR species and suffix length >= 2
accepted,Trochalopteron,噪鹛属,噪鹛,14,纯色噪鹛 (Trochalopteron subunicolor); 蓝翅噪鹛 (Trochalopteron squamatum); 细纹噪鹛 (Trochalopteron lineatum); 丽星噪鹛 (Trochalopteron imbricatum); 杂色噪鹛 (Trochalopteron variegatum); 黑顶噪鹛 (Trochalopteron affine); 玉山噪鹛 (Trochalopteron morrisonianum); 灰腹噪鹛 (Trochalopteron henrici),common Chinese species-name suffix; minimum 2 CBR species and suffix length >= 2
not_used,Troglodytes,,鹪鹩,1,鹪鹩 (Troglodytes troglodytes),common Chinese species-name suffix; minimum 2 CBR species and suffix length >= 2
not_used,Tropicoperdix,,绿脚树鹧鸪,1,绿脚树鹧鸪 (Tropicoperdix chloropus),common Chinese species-name suffix; minimum 2 CBR species and suffix length >= 2
not_used,Turdus,,鸫,26,宝兴歌鸫 (Turdus mupinensis); 欧歌鸫 (Turdus philomelos); 槲鸫 (Turdus viscivorus); 乌鸫 (Turdus mandarinus); 白眉歌鸫 (Turdus iliacus); 欧乌鸫 (Turdus merula); 白头鸫 (Turdus niveiceps); 灰翅鸫 (Turdus boulboul),common Chinese species-name suffix; minimum 2 CBR species and suffix length >= 2
accepted,Turnix,三趾鹑属,三趾鹑,3,黄脚三趾鹑 (Turnix tanki); 棕三趾鹑 (Turnix suscitator); 林三趾鹑 (Turnix sylvaticus),common Chinese species-name suffix; minimum 2 CBR species and suffix length >= 2
not_used,Tyto,,鸮,2,仓鸮 (Tyto javanica); 草鸮 (Tyto longimembris),common Chinese species-name suffix; minimum 2 CBR species and suffix length >= 2
not_used,Upupa,,戴胜,1,戴胜 (Upupa epops),common Chinese species-name suffix; minimum 2 CBR species and suffix length >= 2
not_used,Uria,,崖海鸦,1,崖海鸦 (Uria aalge),common Chinese species-name suffix; minimum 2 CBR species and suffix length >= 2
accepted,Urile,鸬鹚属,鸬鹚,2,红脸鸬鹚 (Urile urile); 海鸬鹚 (Urile pelagicus),common Chinese species-name suffix; minimum 2 CBR species and suffix length >= 2
accepted,Urocissa,蓝鹊属,蓝鹊,4,台湾蓝鹊 (Urocissa caerulea); 黄嘴蓝鹊 (Urocissa flavirostris); 红嘴蓝鹊 (Urocissa erythroryncha); 白翅蓝鹊 (Urocissa whiteheadi),common Chinese species-name suffix; minimum 2 CBR species and suffix length >= 2
not_used,Urocynchramus,,朱鹀,1,朱鹀 (Urocynchramus pylzowi),common Chinese species-name suffix; minimum 2 CBR species and suffix length >= 2
not_used,Urosphena,,鳞头树莺,1,鳞头树莺 (Urosphena squameiceps),common Chinese species-name suffix; minimum 2 CBR species and suffix length >= 2
accepted,Vanellus,麦鸡属,麦鸡,6,凤头麦鸡 (Vanellus vanellus); 距翅麦鸡 (Vanellus duvaucelii); 灰头麦鸡 (Vanellus cinereus); 肉垂麦鸡 (Vanellus indicus); 黄颊麦鸡 (Vanellus gregarius); 白尾麦鸡 (Vanellus leucurus),common Chinese species-name suffix; minimum 2 CBR species and suffix length >= 2
not_used,Xema,,叉尾鸥,1,叉尾鸥 (Xema sabini),common Chinese species-name suffix; minimum 2 CBR species and suffix length >= 2
not_used,Xenus,,翘嘴鹬,1,翘嘴鹬 (Xenus cinereus),common Chinese species-name suffix; minimum 2 CBR species and suffix length >= 2
accepted,Yuhina,凤鹛属,凤鹛,6,黑颏凤鹛 (Yuhina nigrimenta); 褐头凤鹛 (Yuhina brunneiceps); 黄颈凤鹛 (Yuhina flavicollis); 白项凤鹛 (Yuhina bakeri); 纹喉凤鹛 (Yuhina gularis); 棕臀凤鹛 (Yuhina occipitalis),common Chinese species-name suffix; minimum 2 CBR species and suffix length >= 2
accepted,Yungipicus,星头啄木鸟属,星头啄木鸟,2,星头啄木鸟 (Yungipicus canicapillus); 小星头啄木鸟 (Yungipicus kizuki),common Chinese species-name suffix; minimum 2 CBR species and suffix length >= 2
accepted,Zapornia,田鸡属,田鸡,6,斑胁田鸡 (Zapornia paykullii); 棕背田鸡 (Zapornia bicolor); 红脚田鸡 (Zapornia akool); 小田鸡 (Zapornia pusilla); 姬田鸡 (Zapornia parva); 红胸田鸡 (Zapornia fusca),common Chinese species-name suffix; minimum 2 CBR species and suffix length >= 2
not_used,Zonotrichia,,白冠带鹀,1,白冠带鹀 (Zonotrichia leucophrys),common Chinese species-name suffix; minimum 2 CBR species and suffix length >= 2
accepted,Zoothera,地鸫属,地鸫,8,长尾地鸫 (Zoothera dixoni); 淡背地鸫 (Zoothera mollissima); 喜山淡背地鸫 (Zoothera salimalii); 四川淡背地鸫 (Zoothera griseiceps); 大长嘴地鸫 (Zoothera monticola); 长嘴地鸫 (Zoothera marginata); 虎斑地鸫 (Zoothera aurea); 小虎斑地鸫 (Zoothera dauma),common Chinese species-name suffix; minimum 2 CBR species and suffix length >= 2
accepted,Zosterops,绣眼鸟属,绣眼鸟,5,红胁绣眼鸟 (Zosterops erythropleurus); 暗绿绣眼鸟 (Zosterops simplex); 日本绣眼鸟 (Zosterops japonicus); 灰腹绣眼鸟 (Zosterops palpebrosus); 低地绣眼鸟 (Zosterops meyeni),common Chinese species-name suffix; minimum 2 CBR species and suffix length >= 2
