Order,Order Chinese,Family,Family English,Family Chinese,Genus,Suggested Chinese genus name,China range keyword species count,Example China-tagged species
Passeriformes,雀形目,Phylloscopidae,Leaf Warblers,,Phylloscopus,,18,黄眉柳莺 (Phylloscopus inornatus); 云南柳莺 (Phylloscopus yunnanensis); 黄腰柳莺 (Phylloscopus proregulus); 甘肃柳莺 (Phylloscopus kansuensis); 四川柳莺 (Phylloscopus forresti)
Passeriformes,雀形目,Turdidae,Thrushes and Allies,,Turdus,,14,宝兴歌鸫 (Turdus mupinensis); 棕背黑头鸫 (Turdus kessleri); 藏乌鸫 (Turdus maximus); 白颈鸫 (Turdus albocinctus); 赤颈鸫 (Turdus ruficollis)
Passeriformes,雀形目,Fringillidae,"Finches, Euphonias, and Allies",,Carpodacus,,11,血雀 (Carpodacus sipahi); 红腰朱雀 (Carpodacus rhodochlamys); 中华朱雀 (Carpodacus davidianus); 玫红眉朱雀 (Carpodacus rodochroa); 点翅朱雀 (Carpodacus verreauxii)
Passeriformes,雀形目,Emberizidae,Old World Buntings,,Emberiza,,10,蓝鹀 (Emberiza siemsseni); 黄眉鹀 (Emberiza chrysophrys); 白眉鹀 (Emberiza tristrami); 栗鹀 (Emberiza rutila); 小鹀 (Emberiza pusilla)
Galliformes,鸡形目,Phasianidae,"Partridges, Pheasants, Grouse, and Allies",,Arborophila,,5,四川山鹧鸪 (Arborophila rufipectus); 红胸山鹧鸪 (Arborophila mandellii); 海南山鹧鸪 (Arborophila ardens); 台湾山鹧鸪 (Arborophila crudigularis); 白颊山鹧鸪 (Arborophila atrogularis)
Passeriformes,雀形目,Leiothrichidae,Laughingthrushes and Allies,,Pterorhinus,,5,栗颈噪鹛 (Pterorhinus ruficollis); 黑脸噪鹛 (Pterorhinus perspicillatus); 台湾白喉噪鹛 (Pterorhinus ruficeps); 棕噪鹛 (Pterorhinus berthemyi); 台湾棕噪鹛 (Pterorhinus poecilorhynchus)
Passeriformes,雀形目,Leiothrichidae,Laughingthrushes and Allies,,Trochalopteron,,5,蓝翅噪鹛 (Trochalopteron squamatum); 丽星噪鹛 (Trochalopteron imbricatum); 玉山噪鹛 (Trochalopteron morrisonianum); 灰腹噪鹛 (Trochalopteron henrici); 橙翅噪鹛 (Trochalopteron elliotii)
Passeriformes,雀形目,Locustellidae,"Grasshopper Warblers, Grassbirds, and Allies",,Locustella,,5,棕褐短翅蝗莺 (Locustella luteoventris); 中华短翅蝗莺 (Locustella tacsanowskia); 斑胸短翅蝗莺 (Locustella thoracica); 台湾短翅蝗莺 (Locustella alishanensis); 四川短翅蝗莺 (Locustella chengi)
Passeriformes,雀形目,Motacillidae,Wagtails and Pipits,,Anthus,,5,山鹨 (Anthus sylvanus); 布氏鹨 (Anthus godlewskii); 平原鹨 (Anthus campestris); 理氏鹨 (Anthus richardi); 粉红胸鹨 (Anthus roseatus)
Passeriformes,雀形目,Muscicapidae,"Chats, Old World Flycatchers, and Allies",,Tarsiger,,5,红胁蓝尾鸲 (Tarsiger cyanurus); 祁连山蓝尾鸲 (Tarsiger albocoeruleus); 棕腹林鸲 (Tarsiger hyperythrus); 台湾白眉林鸲 (Tarsiger formosanus); 台湾林鸲 (Tarsiger johnstoniae)
Passeriformes,雀形目,Sittidae,Nuthatches,,Sitta,,5,白脸䴓 (Sitta przewalskii); 丽䴓 (Sitta formosa); 滇䴓 (Sitta yunnanensis); 白尾䴓 (Sitta himalayensis); 缅甸䴓 (Sitta neglecta)
Passeriformes,雀形目,Sturnidae,"Rhabdornis, Starlings, and Mynas",,Acridotheres,,5,红嘴椋鸟 (Acridotheres burmannicus); 红胸八哥 (Acridotheres leucocephalus); 白领八哥 (Acridotheres albocinctus); 林八哥 (Acridotheres grandis); 爪哇八哥 (Acridotheres javanicus)
Passeriformes,雀形目,Turdidae,Thrushes and Allies,,Zoothera,,5,长尾地鸫 (Zoothera dixoni); 淡背地鸫 (Zoothera mollissima); 喜山淡背地鸫 (Zoothera salimalii); 四川淡背地鸫 (Zoothera griseiceps); 长嘴地鸫 (Zoothera marginata)
Charadriiformes,鸻形目,Charadriidae,Plovers and Lapwings,,Vanellus,,4,凤头麦鸡 (Vanellus vanellus); 距翅麦鸡 (Vanellus duvaucelii); 灰头麦鸡 (Vanellus cinereus); 黄颊麦鸡 (Vanellus gregarius)
Charadriiformes,鸻形目,Laridae,"Skimmers, Noddies, Terns, and Gulls",,Larus,,4,黑尾鸥 (Larus crassirostris); 西伯利亚银鸥 (Larus vegae); 蒙古银鸥 (Larus mongolicus); 灰背鸥 (Larus schistisagus)
Charadriiformes,鸻形目,Scolopacidae,Sandpipers and Allies,,Calidris,,4,大滨鹬 (Calidris tenuirostris); 弯嘴滨鹬 (Calidris ferruginea); 勺嘴鹬 (Calidris pygmaea); 青脚滨鹬 (Calidris temminckii)
Charadriiformes,鸻形目,Scolopacidae,Sandpipers and Allies,,Tringa,,4,白腰草鹬 (Tringa ochropus); 泽鹬 (Tringa stagnatilis); 林鹬 (Tringa glareola); 鹤鹬 (Tringa erythropus)
Columbiformes,鸽形目,Columbidae,Doves and Pigeons,,Columba,,4,灰林鸽 (Columba pulchricollis); 紫林鸽 (Columba punicea); 点斑林鸽 (Columba hodgsonii); 中亚鸽 (Columba eversmanni)
Passeriformes,雀形目,Acrocephalidae,Reed Warblers and Allies,,Acrocephalus,,4,黑眉苇莺 (Acrocephalus bistrigiceps); 细纹苇莺 (Acrocephalus sorghophilus); 远东苇莺 (Acrocephalus tangorum); 东方大苇莺 (Acrocephalus orientalis)
Passeriformes,雀形目,Muscicapidae,"Chats, Old World Flycatchers, and Allies",,Brachypteryx,,4,锈腹短翅鸫 (Brachypteryx hyperythra); 喜山短翅鸫 (Brachypteryx cruralis); 中华短翅鸫 (Brachypteryx sinensis); 台湾短翅鸫 (Brachypteryx goodfellowi)
Passeriformes,雀形目,Muscicapidae,"Chats, Old World Flycatchers, and Allies",,Ficedula,,4,绿背姬鹟 (Ficedula elisae); 琉球姬鹟 (Ficedula owstoni); 鸲姬鹟 (Ficedula mugimaki); 锈胸蓝姬鹟 (Ficedula erithacus)
Passeriformes,雀形目,Paradoxornithidae,Parrotbills and Allies,,Paradoxornis,,4,点胸鸦雀 (Paradoxornis guttaticollis); 红嘴鸦雀 (Paradoxornis aemodius); 褐鸦雀 (Paradoxornis unicolor); 白胸鸦雀 (Paradoxornis ruficeps)
Passeriformes,雀形目,Paridae,"Tits, Chickadees, and Titmice",,Poecile,,4,白眉山雀 (Poecile superciliosus); 红腹山雀 (Poecile davidi); 黑喉山雀 (Poecile hypermelaenus); 川褐头山雀 (Poecile weigoldicus)
Anseriformes,雁形目,Anatidae,"Ducks, Swans, and Geese",,Aythya,,3,白眼潜鸭 (Aythya nyroca); 青头潜鸭 (Aythya baeri); 红头潜鸭 (Aythya ferina)
Charadriiformes,鸻形目,Charadriidae,Plovers and Lapwings,,Anarhynchus,,3,红胸鸻 (Anarhynchus asiaticus); 东方鸻 (Anarhynchus veredus); 白脸鸻 (Anarhynchus dealbatus)
Charadriiformes,鸻形目,Scolopacidae,Sandpipers and Allies,,Gallinago,,3,林沙锥 (Gallinago nemoricola); 大沙锥 (Gallinago megala); 针尾沙锥 (Gallinago stenura)
Cuculiformes,鹃形目,Cuculidae,Cuckoos,,Hierococcyx,,3,大鹰鹃 (Hierococcyx sparverioides); 北棕腹鹰鹃 (Hierococcyx hyperythrus); 棕腹鹰鹃 (Hierococcyx nisicolor)
Galliformes,鸡形目,Phasianidae,"Partridges, Pheasants, Grouse, and Allies",,Crossoptilon,,3,藏马鸡 (Crossoptilon harmani); 褐马鸡 (Crossoptilon mantchuricum); 蓝马鸡 (Crossoptilon auritum)
Galliformes,鸡形目,Phasianidae,"Partridges, Pheasants, Grouse, and Allies",,Syrmaticus,,3,白冠长尾雉 (Syrmaticus reevesii); 黑长尾雉 (Syrmaticus mikado); 白颈长尾雉 (Syrmaticus ellioti)
Galliformes,鸡形目,Phasianidae,"Partridges, Pheasants, Grouse, and Allies",,Tragopan,,3,黑头角雉 (Tragopan melanocephalus); 红胸角雉 (Tragopan satyra); 红腹角雉 (Tragopan temminckii)
Gruiformes,鹤形目,Gruidae,Cranes,,Grus,,3,丹顶鹤 (Grus japonensis); 白头鹤 (Grus monacha); 黑颈鹤 (Grus nigricollis)
Passeriformes,雀形目,Certhiidae,Treecreepers,,Certhia,,3,锈红腹旋木雀 (Certhia nipalensis); 四川旋木雀 (Certhia tianquanensis); 褐喉旋木雀 (Certhia discolor)
Passeriformes,雀形目,Fringillidae,"Finches, Euphonias, and Allies",,Pyrrhula,,3,红头灰雀 (Pyrrhula erythrocephala); 灰头灰雀 (Pyrrhula erythaca); 台湾灰头灰雀 (Pyrrhula owstoni)
Passeriformes,雀形目,Laniidae,Shrikes,,Lanius,,3,楔尾伯劳 (Lanius sphenocercus); 青藏楔尾伯劳 (Lanius giganteus); 棕尾伯劳 (Lanius phoenicuroides)
Passeriformes,雀形目,Leiothrichidae,Laughingthrushes and Allies,,Garrulax,,3,台湾画眉 (Garrulax taewanus); 白颈噪鹛 (Garrulax strepitans); 褐胸噪鹛 (Garrulax maesi)
Passeriformes,雀形目,Leiothrichidae,Laughingthrushes and Allies,,Ianthocincla,,3,黑额山噪鹛 (Ianthocincla sukatschewi); 大噪鹛 (Ianthocincla maxima); 白点噪鹛 (Ianthocincla bieti)
Passeriformes,雀形目,Muscicapidae,"Chats, Old World Flycatchers, and Allies",,Calliope,,3,金胸歌鸲 (Calliope pectardens); 黑喉歌鸲 (Calliope obscura); 白须黑胸歌鸲 (Calliope tschebaiewi)
Passeriformes,雀形目,Muscicapidae,"Chats, Old World Flycatchers, and Allies",,Enicurus,,3,小燕尾 (Enicurus scouleri); 黑背燕尾 (Enicurus immaculatus); 灰背燕尾 (Enicurus schistaceus)
Passeriformes,雀形目,Muscicapidae,"Chats, Old World Flycatchers, and Allies",,Larvivora,,3,日本歌鸲 (Larvivora akahige); 红尾歌鸲 (Larvivora sibilans); 棕头歌鸲 (Larvivora ruficeps)
Passeriformes,雀形目,Muscicapidae,"Chats, Old World Flycatchers, and Allies",,Muscicapa,,3,灰纹鹟 (Muscicapa griseisticta); 棕尾褐鹟 (Muscicapa ferruginea); 褐胸鹟 (Muscicapa muttui)
Passeriformes,雀形目,Muscicapidae,"Chats, Old World Flycatchers, and Allies",,Niltava,,3,棕腹大仙鹟 (Niltava davidi); 棕腹蓝仙鹟 (Niltava oatesi); 台湾蓝仙鹟 (Niltava vivida)
Passeriformes,雀形目,Muscicapidae,"Chats, Old World Flycatchers, and Allies",,Phoenicurus,,3,贺兰山红尾鸲 (Phoenicurus alaschanicus); 白喉红尾鸲 (Phoenicurus schisticeps); 黑喉红尾鸲 (Phoenicurus hodgsoni)
Passeriformes,雀形目,Paradoxornithidae,Parrotbills and Allies,,Fulvetta,,3,中华雀鹛 (Fulvetta striaticollis); 路德雀鹛 (Fulvetta ludlowi); 玉山雀鹛 (Fulvetta formosana)
Passeriformes,雀形目,Prunellidae,Accentors,,Prunella,,3,高原岩鹨 (Prunella himalayana); 栗背岩鹨 (Prunella immaculata); 贺兰山岩鹨 (Prunella koslowi)
Passeriformes,雀形目,Zosteropidae,"White-eyes, Yuhinas, and Allies",,Yuhina,,3,黑颏凤鹛 (Yuhina nigrimenta); 褐头凤鹛 (Yuhina brunneiceps); 白项凤鹛 (Yuhina bakeri)
Accipitriformes,鹰形目,Accipitridae,"Kites, Old World Vultures, Eagles, and Hawks",鹰科,Gyps,,2,白背兀鹫 (Gyps bengalensis); 高山兀鹫 (Gyps himalayensis)
Accipitriformes,鹰形目,Accipitridae,"Kites, Old World Vultures, Eagles, and Hawks",鹰科,Haliaeetus,,2,玉带海雕 (Haliaeetus leucoryphus); 虎头海雕 (Haliaeetus pelagicus)
Anseriformes,雁形目,Anatidae,"Ducks, Swans, and Geese",,Anser,,2,鸿雁 (Anser cygnoides); 小白额雁 (Anser erythropus)
Anseriformes,雁形目,Anatidae,"Ducks, Swans, and Geese",,Cygnus,,2,疣鼻天鹅 (Cygnus olor); 大天鹅 (Cygnus cygnus)
Anseriformes,雁形目,Anatidae,"Ducks, Swans, and Geese",,Mergus,,2,红胸秋沙鸭 (Mergus serrator); 中华秋沙鸭 (Mergus squamatus)
Charadriiformes,鸻形目,Laridae,"Skimmers, Noddies, Terns, and Gulls",,Chroicocephalus,,2,红嘴鸥 (Chroicocephalus ridibundus); 棕头鸥 (Chroicocephalus brunnicephalus)
Charadriiformes,鸻形目,Laridae,"Skimmers, Noddies, Terns, and Gulls",,Ichthyaetus,,2,渔鸥 (Ichthyaetus ichthyaetus); 遗鸥 (Ichthyaetus relictus)
Charadriiformes,鸻形目,Laridae,"Skimmers, Noddies, Terns, and Gulls",,Sterna,,2,黄嘴河燕鸥 (Sterna aurantia); 黑腹燕鸥 (Sterna acuticauda)
Ciconiiformes,鹳形目,Ciconiidae,Storks,,Mycteria,,2,白鹮鹳 (Mycteria cinerea); 彩鹳 (Mycteria leucocephala)
Coraciiformes,佛法僧目,Meropidae,Bee-eaters,,Merops,,2,蓝喉蜂虎 (Merops viridis); 栗喉蜂虎 (Merops philippinus)
Galliformes,鸡形目,Phasianidae,"Partridges, Pheasants, Grouse, and Allies",,Bambusicola,,2,灰胸竹鸡 (Bambusicola thoracicus); 台湾竹鸡 (Bambusicola sonorivox)
Galliformes,鸡形目,Phasianidae,"Partridges, Pheasants, Grouse, and Allies",,Chrysolophus,,2,红腹锦鸡 (Chrysolophus pictus); 白腹锦鸡 (Chrysolophus amherstiae)
Galliformes,鸡形目,Phasianidae,"Partridges, Pheasants, Grouse, and Allies",,Lophophorus,,2,棕尾虹雉 (Lophophorus impejanus); 绿尾虹雉 (Lophophorus lhuysii)
Galliformes,鸡形目,Phasianidae,"Partridges, Pheasants, Grouse, and Allies",,Lophura,,2,蓝腹鹇 (Lophura swinhoii); 戴氏火背鹇 (Lophura diardi)
Galliformes,鸡形目,Phasianidae,"Partridges, Pheasants, Grouse, and Allies",,Polyplectron,,2,海南孔雀雉 (Polyplectron katsumatae); 灰孔雀雉 (Polyplectron bicalcaratum)
Galliformes,鸡形目,Phasianidae,"Partridges, Pheasants, Grouse, and Allies",,Tetraophasis,,2,红喉雉鹑 (Tetraophasis obscurus); 黄喉雉鹑 (Tetraophasis szechenyii)
Gruiformes,鹤形目,Rallidae,"Rails, Gallinules, and Coots",,Zapornia,,2,姬田鸡 (Zapornia parva); 棕背田鸡 (Zapornia bicolor)
Passeriformes,雀形目,Alaudidae,Larks,,Melanocorypha,,2,蒙古百灵 (Melanocorypha mongolica); 长嘴百灵 (Melanocorypha maxima)
Passeriformes,雀形目,Campephagidae,Cuckooshrikes,,Pericrocotus,,2,小灰山椒鸟 (Pericrocotus cantonensis); 粉红山椒鸟 (Pericrocotus roseus)
Passeriformes,雀形目,Cisticolidae,Cisticolas and Allies,,Prinia,,2,黑胸山鹪莺 (Prinia atrogularis); 褐冠山鹪莺 (Prinia khasiana)
Passeriformes,雀形目,Corvidae,"Crows, Jays, and Magpies",,Podoces,,2,黑尾地鸦 (Podoces hendersoni); 白尾地鸦 (Podoces biddulphi)
Passeriformes,雀形目,Fringillidae,"Finches, Euphonias, and Allies",,Mycerobas,,2,黄颈拟蜡嘴雀 (Mycerobas affinis); 白点翅拟蜡嘴雀 (Mycerobas melanozanthos)
Passeriformes,雀形目,Fringillidae,"Finches, Euphonias, and Allies",,Spinus,,2,藏黄雀 (Spinus thibetanus); 黄雀 (Spinus spinus)
Passeriformes,雀形目,Leiothrichidae,Laughingthrushes and Allies,,Actinodura,,2,纹头斑翅鹛 (Actinodura nipalensis); 台湾斑翅鹛 (Actinodura morrisoniana)
Passeriformes,雀形目,Leiothrichidae,Laughingthrushes and Allies,,Heterophasia,,2,白耳奇鹛 (Heterophasia auricularis); 灰奇鹛 (Heterophasia gracilis)
Passeriformes,雀形目,Leiothrichidae,Laughingthrushes and Allies,,Liocichla,,2,灰胸薮鹛 (Liocichla omeiensis); 黄痣薮鹛 (Liocichla steerii)
Passeriformes,雀形目,Muscicapidae,"Chats, Old World Flycatchers, and Allies",,Cyornis,,2,中华仙鹟 (Cyornis glaucicomans); 白喉林鹟 (Cyornis brunneatus)
Passeriformes,雀形目,Muscicapidae,"Chats, Old World Flycatchers, and Allies",,Monticola,,2,栗腹矶鸫 (Monticola rufiventris); 白喉矶鸫 (Monticola gularis)
Passeriformes,雀形目,Oriolidae,Old World Orioles,,Oriolus,,2,鹊色鹂 (Oriolus mellianus); 印度金黄鹂 (Oriolus kundoo)
Passeriformes,雀形目,Paradoxornithidae,Parrotbills and Allies,,Rhopophilus,,2,山鹛 (Rhopophilus pekinensis); 西域山鹛 (Rhopophilus albosuperciliaris)
Passeriformes,雀形目,Paradoxornithidae,Parrotbills and Allies,,Suthora,,2,灰冠鸦雀 (Suthora przewalskii); 云南鸦雀 (Suthora ricketti)
Passeriformes,雀形目,Paridae,"Tits, Chickadees, and Titmice",,Periparus,,2,黄腹山雀 (Periparus venustulus); 棕枕山雀 (Periparus rufonuchalis)
Passeriformes,雀形目,Pellorneidae,Ground Babblers and Allies,,Schoeniparus,,2,黄喉雀鹛 (Schoeniparus cinereus); 金额雀鹛 (Schoeniparus variegaticeps)
Passeriformes,雀形目,Pittidae,Pittas,,Pitta,,2,蓝翅八色鸫 (Pitta moluccensis); 仙八色鸫 (Pitta nympha)
Passeriformes,雀形目,Pycnonotidae,Bulbuls,,Pycnonotus,,2,条耳鹎 (Pycnonotus conradi); 台湾鹎 (Pycnonotus taivanus)
Passeriformes,雀形目,Sturnidae,"Rhabdornis, Starlings, and Mynas",,Spodiopsar,,2,丝光椋鸟 (Spodiopsar sericeus); 灰椋鸟 (Spodiopsar cineraceus)
Passeriformes,雀形目,Timaliidae,"Tree Babblers, Scimitar Babblers, and Allies",,Erythrogenys,,2,华南斑胸钩嘴鹛 (Erythrogenys swinhoei); 台湾斑胸钩嘴鹛 (Erythrogenys erythrocnemis)
Passeriformes,雀形目,Turdidae,Thrushes and Allies,,Cochoa,,2,紫宽嘴鸫 (Cochoa purpurea); 绿宽嘴鸫 (Cochoa viridis)
Pelecaniformes,鹈形目,Ardeidae,"Herons, Egrets, and Bitterns",,Gorsachius,,2,黑冠鳽 (Gorsachius melanolophus); 栗鳽 (Gorsachius goisagi)
Piciformes,䴕形目,Picidae,Woodpeckers,,Picus,,2,鳞喉绿啄木鸟 (Picus xanthopygaeus); 红颈绿啄木鸟 (Picus rabieri)
Psittaciformes,鹦形目,Psittaculidae,Old World Parrots,,Psittacula,,2,灰头鹦鹉 (Psittacula finschii); 大紫胸鹦鹉 (Psittacula derbiana)
Pterocliformes,沙鸡目,Pteroclidae,Sandgrouse,,Syrrhaptes,,2,毛腿沙鸡 (Syrrhaptes paradoxus); 西藏毛腿沙鸡 (Syrrhaptes tibetanus)
Accipitriformes,鹰形目,Accipitridae,"Kites, Old World Vultures, Eagles, and Hawks",鹰科,Aquila,,1,白肩雕 (Aquila heliaca)
Accipitriformes,鹰形目,Accipitridae,"Kites, Old World Vultures, Eagles, and Hawks",鹰科,Butastur,,1,白眼鵟鹰 (Butastur teesa)
Accipitriformes,鹰形目,Accipitridae,"Kites, Old World Vultures, Eagles, and Hawks",鹰科,Buteo,,1,喜山鵟 (Buteo refectus)
Accipitriformes,鹰形目,Accipitridae,"Kites, Old World Vultures, Eagles, and Hawks",鹰科,Clanga,,1,乌雕 (Clanga clanga)
Accipitriformes,鹰形目,Accipitridae,"Kites, Old World Vultures, Eagles, and Hawks",鹰科,Tachyspiza,,1,赤腹鹰 (Tachyspiza soloensis)
Anseriformes,雁形目,Anatidae,"Ducks, Swans, and Geese",,Aix,,1,鸳鸯 (Aix galericulata)
Anseriformes,雁形目,Anatidae,"Ducks, Swans, and Geese",,Anas,,1,斑嘴鸭 (Anas zonorhyncha)
Anseriformes,雁形目,Anatidae,"Ducks, Swans, and Geese",,Mareca,,1,罗纹鸭 (Mareca falcata)
Anseriformes,雁形目,Anatidae,"Ducks, Swans, and Geese",,Marmaronetta,,1,云石斑鸭 (Marmaronetta angustirostris)
Anseriformes,雁形目,Anatidae,"Ducks, Swans, and Geese",,Mergellus,,1,斑头秋沙鸭 (Mergellus albellus)
Anseriformes,雁形目,Anatidae,"Ducks, Swans, and Geese",,Netta,,1,赤嘴潜鸭 (Netta rufina)
Anseriformes,雁形目,Anatidae,"Ducks, Swans, and Geese",,Sarkidiornis,,1,瘤鸭 (Sarkidiornis melanotos)
Anseriformes,雁形目,Anatidae,"Ducks, Swans, and Geese",,Sibirionetta,,1,花脸鸭 (Sibirionetta formosa)
Anseriformes,雁形目,Anatidae,"Ducks, Swans, and Geese",,Tadorna,,1,赤麻鸭 (Tadorna ferruginea)
Apodiformes,雨燕目,Apodidae,Swifts,雨燕科,Hirundapus,,1,灰喉针尾雨燕 (Hirundapus cochinchinensis)
Apodiformes,雨燕目,Hemiprocnidae,Treeswifts,,Hemiprocne,,1,凤头雨燕 (Hemiprocne coronata)
Bucerotiformes,犀鸟目,Bucerotidae,Hornbills,,Aceros,,1,棕颈犀鸟 (Aceros nipalensis)
Bucerotiformes,犀鸟目,Bucerotidae,Hornbills,,Anorrhinus,,1,白喉犀鸟 (Anorrhinus austeni)
Bucerotiformes,犀鸟目,Bucerotidae,Hornbills,,Buceros,,1,双角犀鸟 (Buceros bicornis)
Bucerotiformes,犀鸟目,Bucerotidae,Hornbills,,Rhyticeros,,1,花冠皱盔犀鸟 (Rhyticeros undulatus)
Charadriiformes,鸻形目,Charadriidae,Plovers and Lapwings,,Pluvialis,,1,金斑鸻 (Pluvialis fulva)
Charadriiformes,鸻形目,Charadriidae,Plovers and Lapwings,,Thinornis,,1,长嘴剑鸻 (Thinornis placidus)
Charadriiformes,鸻形目,Glareolidae,Coursers and Pratincoles,,Glareola,,1,灰燕鸻 (Glareola lactea)
Charadriiformes,鸻形目,Ibidorhynchidae,Ibisbill,,Ibidorhyncha,,1,鹮嘴鹬 (Ibidorhyncha struthersii)
Charadriiformes,鸻形目,Jacanidae,Jacanas,,Hydrophasianus,,1,水雉 (Hydrophasianus chirurgus)
Charadriiformes,鸻形目,Jacanidae,Jacanas,,Metopidius,,1,铜翅水雉 (Metopidius indicus)
Charadriiformes,鸻形目,Laridae,"Skimmers, Noddies, Terns, and Gulls",,Chlidonias,,1,白翅浮鸥 (Chlidonias leucopterus)
Charadriiformes,鸻形目,Laridae,"Skimmers, Noddies, Terns, and Gulls",,Hydrocoloeus,,1,小鸥 (Hydrocoloeus minutus)
Charadriiformes,鸻形目,Laridae,"Skimmers, Noddies, Terns, and Gulls",,Hydroprogne,,1,红嘴巨燕鸥 (Hydroprogne caspia)
Charadriiformes,鸻形目,Laridae,"Skimmers, Noddies, Terns, and Gulls",,Onychoprion,,1,白腰燕鸥 (Onychoprion aleuticus)
Charadriiformes,鸻形目,Laridae,"Skimmers, Noddies, Terns, and Gulls",,Saundersilarus,,1,黑嘴鸥 (Saundersilarus saundersi)
Charadriiformes,鸻形目,Laridae,"Skimmers, Noddies, Terns, and Gulls",,Thalasseus,,1,中华凤头燕鸥 (Thalasseus bernsteini)
Charadriiformes,鸻形目,Recurvirostridae,Stilts and Avocets,,Himantopus,,1,黑翅长脚鹬 (Himantopus himantopus)
Charadriiformes,鸻形目,Recurvirostridae,Stilts and Avocets,,Recurvirostra,,1,反嘴鹬 (Recurvirostra avosetta)
Charadriiformes,鸻形目,Scolopacidae,Sandpipers and Allies,,Actitis,,1,矶鹬 (Actitis hypoleucos)
Charadriiformes,鸻形目,Scolopacidae,Sandpipers and Allies,,Limnodromus,,1,半蹼鹬 (Limnodromus semipalmatus)
Charadriiformes,鸻形目,Scolopacidae,Sandpipers and Allies,,Numenius,,1,大杓鹬 (Numenius madagascariensis)
Charadriiformes,鸻形目,Scolopacidae,Sandpipers and Allies,,Scolopax,,1,丘鹬 (Scolopax rusticola)
Charadriiformes,鸻形目,Scolopacidae,Sandpipers and Allies,,Xenus,,1,翘嘴鹬 (Xenus cinereus)
Ciconiiformes,鹳形目,Ciconiidae,Storks,,Ciconia,,1,东方白鹳 (Ciconia boyciana)
Ciconiiformes,鹳形目,Ciconiidae,Storks,,Leptoptilos,,1,秃鹳 (Leptoptilos javanicus)
Columbiformes,鸽形目,Columbidae,Doves and Pigeons,,Geopelia,,1,斑姬地鸠 (Geopelia striata)
Columbiformes,鸽形目,Columbidae,Doves and Pigeons,,Streptopelia,,1,灰斑鸠 (Streptopelia decaocto)
Coraciiformes,佛法僧目,Alcedinidae,Kingfishers,,Alcedo,,1,斑头大翠鸟 (Alcedo hercules)
Coraciiformes,佛法僧目,Alcedinidae,Kingfishers,,Halcyon,,1,蓝翡翠 (Halcyon pileata)
Coraciiformes,佛法僧目,Coraciidae,Rollers,,Coracias,,1,棕胸佛法僧 (Coracias affinis)
Cuculiformes,鹃形目,Cuculidae,Cuckoos,,Chrysococcyx,,1,翠金鹃 (Chrysococcyx maculatus)
Cuculiformes,鹃形目,Cuculidae,Cuckoos,,Clamator,,1,红翅凤头鹃 (Clamator coromandus)
Cuculiformes,鹃形目,Cuculidae,Cuckoos,,Cuculus,,1,中杜鹃 (Cuculus saturatus)
Falconiformes,隼形目,Falconidae,Falcons and Caracaras,隼科,Falco,,1,黄爪隼 (Falco naumanni)
Falconiformes,隼形目,Falconidae,Falcons and Caracaras,隼科,Microhierax,,1,白腿小隼 (Microhierax melanoleucos)
Galliformes,鸡形目,Phasianidae,"Partridges, Pheasants, Grouse, and Allies",,Alectoris,,1,大石鸡 (Alectoris magna)
Galliformes,鸡形目,Phasianidae,"Partridges, Pheasants, Grouse, and Allies",,Coturnix,,1,鹌鹑 (Coturnix japonica)
Galliformes,鸡形目,Phasianidae,"Partridges, Pheasants, Grouse, and Allies",,Lerwa,,1,雪鹑 (Lerwa lerwa)
Galliformes,鸡形目,Phasianidae,"Partridges, Pheasants, Grouse, and Allies",,Tetraogallus,,1,阿尔泰雪鸡 (Tetraogallus altaicus)
Gruiformes,鹤形目,Gruidae,Cranes,,Antigone,,1,白枕鹤 (Antigone vipio)
Gruiformes,鹤形目,Gruidae,Cranes,,Leucogeranus,,1,白鹤 (Leucogeranus leucogeranus)
Gruiformes,鹤形目,Heliornithidae,Finfoots,,Heliopais,,1,亚洲鳍趾䴘 (Heliopais personatus)
Gruiformes,鹤形目,Rallidae,"Rails, Gallinules, and Coots",,Coturnicops,,1,花田鸡 (Coturnicops exquisitus)
Gruiformes,鹤形目,Rallidae,"Rails, Gallinules, and Coots",,Crex,,1,长脚秧鸡 (Crex crex)
Gruiformes,鹤形目,Rallidae,"Rails, Gallinules, and Coots",,Gallicrex,,1,董鸡 (Gallicrex cinerea)
Gruiformes,鹤形目,Rallidae,"Rails, Gallinules, and Coots",,Poliolimnas,,1,白眉田鸡 (Poliolimnas cinereus)
Otidiformes,鸨形目,Otididae,Bustards,,Chlamydotis,,1,波斑鸨 (Chlamydotis macqueenii)
Otidiformes,鸨形目,Otididae,Bustards,,Tetrax,,1,小鸨 (Tetrax tetrax)
Passeriformes,雀形目,Acrocephalidae,Reed Warblers and Allies,,Iduna,,1,赛氏篱莺 (Iduna rama)
Passeriformes,雀形目,Aegithalidae,"Tit-warblers, Bushtits, and Long-tailed Tit",,Aegithalos,,1,银脸长尾山雀 (Aegithalos fuliginosus)
Passeriformes,雀形目,Aegithalidae,"Tit-warblers, Bushtits, and Long-tailed Tit",,Leptopoecile,,1,凤头雀莺 (Leptopoecile elegans)
Passeriformes,雀形目,Alaudidae,Larks,,Calandrella,,1,蒙古短趾百灵 (Calandrella dukhunensis)
Passeriformes,雀形目,Artamidae,"Woodswallows, Bellmagpies, and Allies",,Artamus,,1,灰燕鵙 (Artamus fuscus)
Passeriformes,雀形目,Bombycillidae,Waxwings,,Bombycilla,,1,小太平鸟 (Bombycilla japonica)
Passeriformes,雀形目,Cettiidae,Bush Warblers and Allies,,Horornis,,1,喜山黄腹树莺 (Horornis brunnescens)
Passeriformes,雀形目,Cettiidae,Bush Warblers and Allies,,Tesia,,1,灰腹地莺 (Tesia cyaniventer)
Passeriformes,雀形目,Cettiidae,Bush Warblers and Allies,,Urosphena,,1,鳞头树莺 (Urosphena squameiceps)
Passeriformes,雀形目,Corvidae,"Crows, Jays, and Magpies",,Coloeus,,1,达乌里寒鸦 (Coloeus dauuricus)
Passeriformes,雀形目,Corvidae,"Crows, Jays, and Magpies",,Corvus,,1,白颈鸦 (Corvus torquatus)
Passeriformes,雀形目,Corvidae,"Crows, Jays, and Magpies",,Crypsirina,,1,盘尾树鹊 (Crypsirina temia)
Passeriformes,雀形目,Corvidae,"Crows, Jays, and Magpies",,Nucifraga,,1,大斑星鸦 (Nucifraga multipunctata)
Passeriformes,雀形目,Corvidae,"Crows, Jays, and Magpies",,Perisoreus,,1,黑头噪鸦 (Perisoreus internigrans)
Passeriformes,雀形目,Corvidae,"Crows, Jays, and Magpies",,Pica,,1,青藏喜鹊 (Pica bottanensis)
Passeriformes,雀形目,Corvidae,"Crows, Jays, and Magpies",,Temnurus,,1,塔尾树鹊 (Temnurus temnurus)
Passeriformes,雀形目,Corvidae,"Crows, Jays, and Magpies",,Urocissa,,1,台湾蓝鹊 (Urocissa caerulea)
Passeriformes,雀形目,Dicaeidae,Flowerpeckers,,Pachyglossa,,1,黄腹啄花鸟 (Pachyglossa melanozantha)
Passeriformes,雀形目,Dicruridae,Drongos,,Dicrurus,,1,鸦嘴卷尾 (Dicrurus annectens)
Passeriformes,雀形目,Elachuridae,Elachura,,Elachura,,1,丽星鹩鹛 (Elachura formosa)
Passeriformes,雀形目,Estrildidae,"Munias, Parrotfinches, Waxbills, and Allies",,Lonchura,,1,白头文鸟 (Lonchura maja)
Passeriformes,雀形目,Estrildidae,"Munias, Parrotfinches, Waxbills, and Allies",,Padda,,1,禾雀 (Padda oryzivora)
Passeriformes,雀形目,Eurylaimidae,Grauer's Broadbill and Asian Broadbills,,Serilophus,,1,灰眼先丝冠鸟 (Serilophus rubropygius)
Passeriformes,雀形目,Fringillidae,"Finches, Euphonias, and Allies",,Agraphospiza,,1,赤朱雀 (Agraphospiza rubescens)
Passeriformes,雀形目,Fringillidae,"Finches, Euphonias, and Allies",,Pyrrhoplectes,,1,金枕黑雀 (Pyrrhoplectes epauletta)
Passeriformes,雀形目,Fringillidae,"Finches, Euphonias, and Allies",,Rhodospiza,,1,巨嘴沙雀 (Rhodospiza obsoleta)
Passeriformes,雀形目,Fringillidae,"Finches, Euphonias, and Allies",,Serinus,,1,金额丝雀 (Serinus pusillus)
Passeriformes,雀形目,Hirundinidae,Swallows,燕科,Delichon,,1,白腹毛脚燕 (Delichon lagopodum)
Passeriformes,雀形目,Leiothrichidae,Laughingthrushes and Allies,,Alcippe,,1,台湾雀鹛 (Alcippe morrisonia)
Passeriformes,雀形目,Locustellidae,"Grasshopper Warblers, Grassbirds, and Allies",,Helopsaltes,,1,东亚蝗莺 (Helopsaltes pleskei)
Passeriformes,雀形目,Monarchidae,"Monarch Flycatchers, Paradise Flycatchers, and Shrikebills",,Terpsiphone,,1,寿带 (Terpsiphone incei)
Passeriformes,雀形目,Motacillidae,Wagtails and Pipits,,Dendronanthus,,1,山鹡鸰 (Dendronanthus indicus)
Passeriformes,雀形目,Motacillidae,Wagtails and Pipits,,Motacilla,,1,日本鹡鸰 (Motacilla grandis)
Passeriformes,雀形目,Muscicapidae,"Chats, Old World Flycatchers, and Allies",,Cyanoptila,,1,琉璃蓝鹟 (Cyanoptila cumatilis)
Passeriformes,雀形目,Muscicapidae,"Chats, Old World Flycatchers, and Allies",,Myophonus,,1,台湾紫啸鸫 (Myophonus insularis)
Passeriformes,雀形目,Muscicapidae,"Chats, Old World Flycatchers, and Allies",,Saxicola,,1,黑白林䳭 (Saxicola jerdoni)
Passeriformes,雀形目,Paradoxornithidae,Parrotbills and Allies,,Moupinia,,1,宝兴鹛雀 (Moupinia poecilotis)
Passeriformes,雀形目,Paradoxornithidae,Parrotbills and Allies,,Myzornis,,1,火尾绿鹛 (Myzornis pyrrhoura)
Passeriformes,雀形目,Paridae,"Tits, Chickadees, and Titmice",,Machlolophus,,1,台湾黄山雀 (Machlolophus holsti)
Passeriformes,雀形目,Paridae,"Tits, Chickadees, and Titmice",,Pseudopodoces,,1,地山雀 (Pseudopodoces humilis)
Passeriformes,雀形目,Paridae,"Tits, Chickadees, and Titmice",,Sittiparus,,1,台湾杂色山雀 (Sittiparus castaneoventris)
Passeriformes,雀形目,Passeridae,Snowfinches and Old World Sparrows,,Montifringilla,,1,藏雪雀 (Montifringilla henrici)
Passeriformes,雀形目,Passeridae,Snowfinches and Old World Sparrows,,Onychostruthus,,1,白腰雪雀 (Onychostruthus taczanowskii)
Passeriformes,雀形目,Pellorneidae,Ground Babblers and Allies,,Gampsorhynchus,,1,白头鵙鹛 (Gampsorhynchus rufulus)
Passeriformes,雀形目,Pellorneidae,Ground Babblers and Allies,,Gypsophila,,1,灰岩鹪鹛 (Gypsophila annamensis)
Passeriformes,雀形目,Pittidae,Pittas,,Hydrornis,,1,双辫八色鸫 (Hydrornis phayrei)
Passeriformes,雀形目,Pnoepygidae,Cupwings,,Pnoepyga,,1,台湾鹪鹛 (Pnoepyga formosana)
Passeriformes,雀形目,Regulidae,Kinglets,,Regulus,,1,台湾戴菊 (Regulus goodfellowi)
Passeriformes,雀形目,Remizidae,Penduline Tits,,Remiz,,1,中华攀雀 (Remiz consobrinus)
Passeriformes,雀形目,Stenostiridae,Fairy Flycatchers,,Chelidorhynx,,1,黄腹扇尾鹟 (Chelidorhynx hypoxanthus)
Passeriformes,雀形目,Sturnidae,"Rhabdornis, Starlings, and Mynas",,Ampeliceps,,1,金冠树八哥 (Ampeliceps coronatus)
Passeriformes,雀形目,Sturnidae,"Rhabdornis, Starlings, and Mynas",,Gracupica,,1,黑领椋鸟 (Gracupica nigricollis)
Passeriformes,雀形目,Sturnidae,"Rhabdornis, Starlings, and Mynas",,Sturnia,,1,灰背椋鸟 (Sturnia sinensis)
Passeriformes,雀形目,Sylviidae,Sylviid Warblers and Allies,,Curruca,,1,亚洲漠地林莺 (Curruca nana)
Passeriformes,雀形目,Timaliidae,"Tree Babblers, Scimitar Babblers, and Allies",,Mixornis,,1,灰脸纹胸鹛 (Mixornis kelleyi)
Passeriformes,雀形目,Timaliidae,"Tree Babblers, Scimitar Babblers, and Allies",,Pomatorhinus,,1,台湾棕颈钩嘴鹛 (Pomatorhinus musicus)
Passeriformes,雀形目,Timaliidae,"Tree Babblers, Scimitar Babblers, and Allies",,Spelaeornis,,1,灰腹鹩鹛 (Spelaeornis reptatus)
Passeriformes,雀形目,Timaliidae,"Tree Babblers, Scimitar Babblers, and Allies",,Stachyris,,1,弄岗穗鹛 (Stachyris nonggangensis)
Passeriformes,雀形目,Turdidae,Thrushes and Allies,,Grandala,,1,蓝大翅鸲 (Grandala coelicolor)
Passeriformes,雀形目,Urocynchramidae,Przevalski's Finch,,Urocynchramus,,1,朱鹀 (Urocynchramus pylzowi)
Passeriformes,雀形目,Vireonidae,"Shrike-babblers, Erpornis, and Vireos",,Pteruthius,,1,棕腹鵙鹛 (Pteruthius rufiventer)
Passeriformes,雀形目,Zosteropidae,"White-eyes, Yuhinas, and Allies",,Staphida,,1,栗颈凤鹛 (Staphida torqueola)
Passeriformes,雀形目,Zosteropidae,"White-eyes, Yuhinas, and Allies",,Zosterops,,1,红胁绣眼鸟 (Zosterops erythropleurus)
Pelecaniformes,鹈形目,Ardeidae,"Herons, Egrets, and Bitterns",,Oroanassa,,1,海南鳽 (Oroanassa magnifica)
Pelecaniformes,鹈形目,Threskiornithidae,Ibises and Spoonbills,,Nipponia,,1,朱鹮 (Nipponia nippon)
Pelecaniformes,鹈形目,Threskiornithidae,Ibises and Spoonbills,,Platalea,,1,黑脸琵鹭 (Platalea minor)
Pelecaniformes,鹈形目,Threskiornithidae,Ibises and Spoonbills,,Pseudibis,,1,白肩黑鹮 (Pseudibis davisoni)
Pelecaniformes,鹈形目,Threskiornithidae,Ibises and Spoonbills,,Threskiornis,,1,黑头白鹮 (Threskiornis melanocephalus)
Piciformes,䴕形目,Megalaimidae,Asian Barbets,,Psilopogon,,1,台湾拟啄木鸟 (Psilopogon nuchalis)
Piciformes,䴕形目,Picidae,Woodpeckers,,Dendrocopos,,1,白翅啄木鸟 (Dendrocopos leucopterus)
Piciformes,䴕形目,Picidae,Woodpeckers,,Hemicircus,,1,黑冠啄木鸟 (Hemicircus canente)
Piciformes,䴕形目,Picidae,Woodpeckers,,Meiglyptes,,1,黑棕斑啄木鸟 (Meiglyptes jugularis)
Procellariiformes,鹱形目,Hydrobatidae,Northern Storm Petrels,,Hydrobates,,1,黑叉尾海燕 (Hydrobates monorhis)
Procellariiformes,鹱形目,Procellariidae,"Petrels, Shearwaters, and Diving Petrels",,Bulweria,,1,褐燕鹱 (Bulweria bulwerii)
Procellariiformes,鹱形目,Procellariidae,"Petrels, Shearwaters, and Diving Petrels",,Calonectris,,1,白额鹱 (Calonectris leucomelas)
Strigiformes,鸮形目,Strigidae,Owls,,Ketupa,,1,黄腿渔鸮 (Ketupa flavipes)
Suliformes,鲣鸟目,Fregatidae,Frigatebirds,,Fregata,,1,白腹军舰鸟 (Fregata andrewsi)
Suliformes,鲣鸟目,Phalacrocoracidae,Cormorants and Shags,,Microcarbo,,1,黑颈鸬鹚 (Microcarbo niger)
Suliformes,鲣鸟目,Phalacrocoracidae,Cormorants and Shags,,Phalacrocorax,,1,暗绿背鸬鹚 (Phalacrocorax capillatus)
Trogoniformes,咬鹃目,Trogonidae,Trogons,,Harpactes,,1,红腹咬鹃 (Harpactes wardi)
